ID,gene,product,cif_type,organism,strain,host,description,NCBI_nucleotide,locus_tag,NCBI_protein,aa_sequence
WO80255,cifA,cytoplasmic incompatibility factor cifA,Type I,Wolbachia,wAlbA-FL2016,Aedes albopictus,Type I cifA; Wolbachia wAlbA-FL2016 of Aedes albopictus,NWVK02000251,COM43_004645,TVS84812.1,DNFMEHIKYFKDDKLRFLHEVFQDEDCWSGIRLNNAALGQRFTEEKIGEIDNPLSEYDIACRYCVVDKIHHLFQEQFESYKGSFSSNAVDGYGNPVTDIYIRNSLLNGMKREDPVLSFWIDRESGGLKQPSNASEGFDSAVKLEWSEGVEYFYNHLKEEDKEKKLTEAIIALSRPQSVEKDAPILDFCINKIVDKDTLLQKLLRKDKGVYSLLAELIESCFFDTVHDLVQCWCYKGVSAGGDCSDKIFSQRDYELFLYSLSNVMLKNPELSVQARSLIMEIWKCERFTEYRETSVNTSNYTVPIKSVLGGLIINWKREDVCKPDREIEKEEILDIISFAKSCFPEKFDLFKEVMIENLRICGREGKKKGVDYGKFAEELFLQLEKVTLPSVGDGPWNNLRSQSKVSLPLDDGPQSEFEAPSVSGIFGSHKKRRI
WO56263,cifA,cytoplasmic incompatibility factor cifA,Type I,Wolbachia,wAra,Drosophila arawakana,Type I cifA; Wolbachia wAra of Drosophila arawakana,JAATKZ010000007,HCR17_02415,MBA8753877.1,MPIETKRQAEVLKKLQDVIKHTDRDIAAGRKLAIKRWVETYIEYIKLFKDDKLEFLYNVFRDEGCWLGTRLNNTVLGQKLTEEKIGEIDNPLPRYGMASRYCITGKIGDFFNKQFVLSRGQFTSEEVDSQGNPISDQYVRNILLSSMKRNGPVFDFWIDRESGELKKYDAVEGFDSAVKLKWSEGVEYFYNQLEEKDKEKKLTEAIVALSRPQSVEKDAPILDFCVRNIGDKDTLLQKLLQKDKGVYSLLAELIESCFFDTVHDLVQCWCYKGVSAGGDCSDKIFSQQDYELFLYSLSNVMLKNPELSVQARSLIMEIWKCERFAEYRETSVNTSNYTVPIKSVLGGLIINWKREDVCKPDREIEKEEILDMISFAKGCFPEKFDLFKEVMIENLRICGREGKRKGVDYGKFAEELFLQLEKVTLPSVGDGPWNNLRSQSKVSLPLDGSGDGPQSEFEAPSVSGISGSHKKRRI
WO69545,cifA,cytoplasmic incompatibility factor cifA,Type I,Wolbachia,wAra,Drosophila arawakana,Type I cifA; Wolbachia wAra of Drosophila arawakana,JAATKZ010000010,HCR17_06440,MBA8754572.1,MPTQKELRATMSKKLQEAIKHPDPAVAAGRKSAIKRWVGVLQDNFMEHIKYFKGDKLKFLHNVFQDEGCWSGVRLDNAALGQRFTEEKIGGIDNPLRKYEMACSYCVVDKIHPLFQKRFESYRNNFPPGAFDGKTETEIGKYVRNSLLDSIKRKGPVFDFWIDRESGGLKQPSNASEGFDSAVKLKWSEGVEYFYNHLKEEDKEKKLTEAIIALSRVQSVEKDAPILDFCVRNIGDKDTLLQKLLQKDKGVYSLLAKLIESCFFDTVHDLVQCWCYKGVSAGGDHSDKIFSQREYELLLSSLSHVMLKNSESSVQARSVIMKIWGCDHFYKHKKAAVNTSNYTVHVSGMLAGLIVNWKREDSHESDREKEIEKKEILDIMSFAKDCFPEKFELFKEVMIENLRLCGREGKRVNVDYGLFAEELFSELEKTTLPLGPVGDGPWNNLRSRSKAHGSKETTLPVDDGPQSELGTPSVSGVSSYKKKSVFTLSGNK
WO73957,cifA,cytoplasmic incompatibility factor cifA,Type I,Wolbachia,wBai,Drosophila baimaii,Type I cifA; Wolbachia wBai of Drosophila baimaii,JAATLA010000008,HCR13_02330,MBA8756962.1,MPIETKRQAEVLKKLQDVIKHTDRDIAAGRKLAIKRWAETYIEHIKSFKDDKLEFLYNVFRDEGCWLGTRLNNTVLGQRFTEEKIGGIDNPLHRYEMACSYCVVGKILPFFQKRFEFLKSKFPPGKFDGKTETEIDKYVRNSLLDTIKRNGRVFDFWIDRESGGLKQPSTASEGFDSAVKLKWSEGVEYFYNHLKEEDKEKKLTEAIIALSRPQSVEKDASILDFCVNKIVDKDTLLQKVSQKDRGVYFLFSRLIRSCFFDTVHDLVQCWCYKEVSERGDGDHSEKIFSYEEYKLLLSSLSNVMLDNPELNAQARSLIMEMWRCGRFYKHKEAAVNTSNYTVPTSGVFAGLIVNWRREDIYKTDEEKEIGKKEILDMMSFAKDCFPEKFALFKEVMIKNLRLCGRKGMKEDIDYGDSARELFSELERTIFGPRGDGPWNNLRLQSKVPLPLDGSGDGPKSGFEAPSVSGVSGSHKKGSIFTLSGNE
WO93702,cifA,cytoplasmic incompatibility factor cifA,Type I,Wolbachia,wBai,Drosophila baimaii,Type I cifA; Wolbachia wBai of Drosophila baimaii,JAATLA010000018,HCR13_03565,MBA8757168.1,MPSQKELRAAMSKKLQEAIKHPDPTVAAGRKSAIKRWVGVLYDNFMEHIRYFKGDKLKFLHNVFQDEGCWSGVRLDNAALGQRFTEEKIGGVDNPLSDYDIACRYCVVDKIPSLFKEQFDTYKGSFSSNAVDGNGRPVKDDNKYILNSLLYGMKREDPVLSFWIDRESGELKQYDALEGFDSAVKLKWSEGVEYFYNLLKEEDKEKKLTEAIIALSRLQSVEKDAPILDFCARSMADKDTLLQKLLQKDKGVYFLLTGLIESCFFDTVHDLVQCWFYKGVSEHGDGDRSEKMLSYEEYKLLLSALSYVMLDNPELNAQARSIIMEMWRCDRFYKHKEAAVDTSNFQVPIENALAGLVVNWERFGRKSDEKKEILEIMLFAKDRFPKKFYSFEEVMIDDLRLCGREGKKKGMDYGKLAEELFSELEEPTLPTGPGGDGPCSNLRSRSKAHGSKGRTLPVDDSPQSELGTPSVSGVSDSHKKKSIFTLSGSLSNK
WO24903,cifA,cytoplasmic incompatibility factor cifA,Type I,Wolbachia,wBic,Drosophila bicornuta,Type I cifA; Wolbachia wBic of Drosophila bicornuta,JAATLB010000020,HCR08_04730,,LGFLYNVFRDEACWLGTRLNNNVLGQRLTEEKIGEIDNPLHMYEMACIYCVVGKIHPFFQKAFESYKSHFSSDELDGSGNPITDKYIRNSLLGGIEEEGPVFSFWIDKESGELKQPSNAVEGFDSAVRLKWSEGVEYFYNQLEEKDKEKKLTEAIITLSHVQAVKKDAPILEFCVRNIADKDTLLRNLLGKDMGVYSLFLRLTDSCFFDTVHDLVQYWCYRGLLDQGDHSDKIFSQRDYELLLSLLSDVMLKNPESSVQARSLIMKIWECDRLGEYKKAAIIDPSNGRIPIKWVLTGLIVNAQREDVCKPNEEKRMEEGEIRDMILFAKKNTSPERFKFFKERVIKSLRLCGREGKKKGMDYGKLAEELLFSKLEREPLPARNGGSRVIVEAEDPSFSRSPIRHDASGDGPGSELESPDVSPSGSPERKKPFTPSGNK*
WO66657,cifA,cytoplasmic incompatibility factor cifA,Type I,Wolbachia,wBif,Drosophila bifasciata,Type I cifA; Wolbachia wBif of Drosophila bifasciata,JAATLC010000001,HCR15_00640,,LKFLHNVFQDEGCWSGVRLDNAALGQRFTEEKIGGIDNPLRKYEMACSYCVVDKIHPLFQKAFESYKNGFSSDELDSRGNPITDEYIRNSLLGGIRRKGPVFDFWIDRESGELKKYDAVEGFDSAVKLKWSEGVEYFYNLLKEEDKEKKLTEAILALSRVQSVEKDAPILDFCVNKIVDKDTLLQKLLQKDKGVYALLAKLIESCFFDTVHDLVQCWCYKDVSAGGDHSDKIFSQREYELLLSSLSGVMLKNSESSVQARSLIMKIWGCDHFYKHKKAAVNTSNYTVHVSGMLARLIVNWKREDSHESDREKEIEKKEILDIMSFAKDCFPKKFELFKEVMIENLRLCGREGKRVNVDYGLFAEELFSELEKTTLPLGPVGDGPWNNLRSRSKAHGSKETTLPVDDGPQSELGTPSVSGVSSYKNLLRISKI*
WO57123,cifA,cytoplasmic incompatibility factor cifA,Type I,Wolbachia,wBor,Drosophila borealis,Type I cifA; Wolbachia wBor of Drosophila borealis,JAATLD010000001,HCR10_01870,,LTEEKIGEIDNPLPRYGMASRYCITGKIGDFFNKQFVLSRGQFTSEEVDSQGNPISDQYVRNILLSSMKRNGPVFDFWIDRESGELKKYDAVEGFDSAVKLKWSEGVEYFYNQLEEKDKEKKLTEAIVALSRPQSVEKDAPILDFCVRNIGDKDTLLQKLLQKDKGVYSLLAELIESCFFDTVHDLVQCWCYKGVSAGGDCSDKIFSQQDYELFLYSLSNVMLKNPELSVQARSLIMEIWKCERFAEYRETSVNTSNYTVPIKSVLGGLIINWKREDVCKPDREIEKEEILDMISFAKGCFPEKFDLFKEVMIENLRICGREGKRKGVDYGKFAEELFLQLEKVTLPSVGDGPWNNLRSQSKVSLPLDGSGDGPQSEFEAPSVSGISGSHKKRRI*
WO36904,cifA,cytoplasmic incompatibility factor cifA,Type I,Wolbachia,wCer1,Rhagoletis cerasi,Type I cifA; Wolbachia wCer1 of Rhagoletis cerasi,JADCNC010000015,INQ25_05555,MBS9530829.1,MPTQKELRATMSKKLQEAIKHPDPTVAAGRKSAIKRWVGVLQDNFMEHIKYFKGDKLKFLHNVFQDEGCWSGVRLDNAALGQRFTEEKIGGIDNPLRKYEMACSYCVVDKIHPLFQKRFESYRNNFPPGAFDGKTETEIGKYVRNSLLDSIKRKGPVFDFWIDRESGGLKQPSNASEGFDSAVKLKWSEGVEYFYNHLKEEDKEKKLTEAIIALSRVQSVEKDAPILDFCVRNIGDKDTLLQKLLQKDKGVYSLLAELIESCFFDTVHDLVQCWCYEEASARGDHSKEILSQDEYDLLLYSLSNVMLKNPESNVQARSLIMKIWKCDCFIEYRKISVNISNCIVPIQDMLAGLIINWKREDIYKSDEEKEVEKKEILDVILFAKDCFPEKFEFFKKLITKNLRLAGRPGKKVNVDYGLFAEELFSELEKTILPPVGDGPWNNLRSRSKAHGSKETTLPVDDGPQSELGTPSVSGVSSYKKKSVFTLSGNK
WO75742,cifA,cytoplasmic incompatibility factor cifA,Type I,Wolbachia,wCer1,Rhagoletis cerasi,Type I cifA; Wolbachia wCer1 of Rhagoletis cerasi,JADCNC010000003,INQ25_01115,MBS9530016.1,MPTQKELRATMSKKLQEAIKHPDPAVAAGRKSAIKRWVGVLQDNFMEHIKYFKGDKLKFLHNVFQDEGCWSGVRLDNAALGQRFTEEKIGGIDNPLRKYEMACSYCVVDKIHPLFQKAFESYKNGFSSDELDSRGNPITDEYIRNSLLGGIRRKGPVFDFWIDRESGELKKYDAVEGFDSAVKLKWSEGVEYFYNHLKEEDKEKKLTEAVIALSRVQSVEKDAPILDFCVRNIADKDTLLQKLLQKDRGVYFLFSRLIRSCFFDTVHDLVQYWCYKGISARGDHSEKIFSQQNYEILLSSLSDTMLNNPESNVQARSLIMEIWQCGSFSEYKKAAIIDTSNDRIPIKGVLAELIVNWKREDIYKSDEEKEIEKKEILDMMLFAKNSFPERFEFFKGRIIKSLRLCGREGKRVNVDYGLFAEELFSELEKIILPPVGDGPWNNLRSRSKAHGSKETTLPVDDGPQSELGTPSVSGVSSYKKKSVFTLSGNK
WO36337,cifA,cytoplasmic incompatibility factor cifA,Type I,Wolbachia,wCer2_DsimRC50,Drosophila simulans,Type I cifA; Wolbachia wCer2_DsimRC50 of Drosophila simulans,SOZK01000004,E3V96_03425,NGZ20057.1,MPIETKRQAEVLKKLQDVIKHTDRDIAAGRKLAIKRWVETYIEYIKLFKDDKLEFLYNVFRDEGCWLGTRLNNTVLGQKLTEEKIGEIDNPLPRYGMASRYCITGKIGDFFNKQFVLSRGQFTSEEVDSQGNPISDQYVRNILLSSMKRNGPVFDFWIDRESGELKKYDAVEGFDSAVKLKWSEGVEYFYNQLEEKDKEKKLTEAIVALSRPQSVEKDAPILDFCVRNIGDKDTLLQKLLQKDKGVYSLLAELIESCFFDTVHDLVQCWCYKGVSAGGDCSDKIFSQQDYELFLYSLSNVMLKNPELSVQARSLIMEIWKCERFAEYRETSVNTSNYTVPIKSVLGGLIINWKREDVCKPDREIEKEEILDMISFAKGCFPEKFDLFKEVMIENLRICGREGKRKGVDYGKFAEELFLQLEKVTLPSVGDGPWNNLRSQSKVSLPLDGSGDGPQSEFEAPSVSGISGSHKKRRI
WO04733,cifA,cytoplasmic incompatibility factor cifA,Type I,Wolbachia,wCer2_DsimRC50,Drosophila simulans,Type I cifA; Wolbachia wCer2_DsimRC50 of Drosophila simulans,SOZK01000003,E3V96_02935,NGZ19963.1,MPTQKELRATMSKKLQEAIKHPDPAVVAGRKSAIKRWVGVLQDNFMEHIKYFKGDKLKFLHNVFQDESCWSGIRLNNAVLGQRLTEEKIGGIDNPLRKYEMACSYCVVDKIHPLFQKRFEFLKNGFRPGARDGSGNPITDKYVRNSLLDTIKRNGSVFDFWIDRESGELKKYDAVEGFNSAVKLKWSEGVEYFYSHLKEEDKEKKLTEAIIALSRVQSVEKDAPILDFCVNKVADKDTLLQKLSQKDKGVYSLFAELIEACFFDTVHDLVQCWCYKGVSERGGGDHSEEIFSYEEYKLLLSSLSNVMLENPEFNAQARSLIMEMWRCGRFYKHKEAAVDTSNFQVPIENALAGLVVNWERSGRKSDEKKEILEIMLFAKDRFPEKFESFKEVMIEDLRLCGRKGKKVNVDYGPFAEELFSELEKATLPPGPGGDGPRYDLRTRSQAYGSKKTSLLLDGSGDGPQSKFEAPSVSGVSSRRK
WO92676,cifA,cytoplasmic incompatibility factor cifA,Type I,Wolbachia,wCer2,Drosophila simulans,Type I cifA; Wolbachia wCer2 of Drosophila simulans,SOZK01000011,E3V96_06520,NGZ20606.1,MPTQKELRATMSKKLQEAIKHPDPTVAAGRKSAIKRWVGVLQDNFMGHIKYFKDDKLKFLHEVFQDGDCWSGIRLNNAALGQRFTEEKIGGIDNPLSEYNIACRYCVVDKIPSLFEKQFDSYKRSFSSNAVDGNGRPVKDDNKYILNSLLYGMKREDPVLSFWIDRESGGLKKYDAVEGFDSAVKLKWSEGVEYFYNHLKEEDKEKKLTEAILALSRVQSVEKDAPILDFCVNKIVDKDTLLQKLSQKDKGVYSLFAELIESCFFDTVHDLVQCWCYKEVSARGDCSDKIFSQRDYELFLSSLSDVMLKNPESNVQARSLIMEFWECGSLYQYRKAAVNTSNYTVPTSGVFAELIVNWRREDIYKTDEEKEIEKKEILDMMSFAKDCFPEKFELFKKLIIRDLRLCGREGKRVNVDYGLFAEELFSELEKTILPPGGDGPCSNLRSRSKAHGSKKTTLPVDDSPQSELGTPSVSGVSSYKKKSIFTLSGNK
WO65371,cifA,cytoplasmic incompatibility factor cifA,Type I,Wolbachia,wCer4,Ceratitis capitata line Ccap10.3,Type I cifA; Wolbachia wCer4 of Ceratitis capitata line Ccap10.3,JADCND010000013,INQ27_01280,MBS9528888.1,MPTQKELRATMSKKLQEAIKHPDPTVAAGRKSAIKRWVGVLQDNFMGHIKYFKDDKLKFLHEVFQDGDCWSGIRLNNAALGQRFTEEKIGGIDNPLSEYNIACRYCVVDKIPSLFEKQFDSYKRSFSSNAVDGNGRPVKDDNKYILNSLLYGMKREDPVLSFWIDRESGGLKQPSNASEGFDSAVKLEWSEGVEYFYNHLKEEDKEKKLTEAIIALSRPQSVEKYAPILDFCVRNIADKDTLLQKLLQKDRGVYFLFSRLIRSCFFDTVHDLVQYWCYKGVSERGDHSEKIFSQQNYEILLSSLSDTMLKNPESSVQARSLIMEIWQCGSFSEYKKAAIINTSNDRIPIKGVLAELIVNWKREDIYKSDEEKEIEKKEILDMMLFAKNSFPERFEFFKGRIIKSLRLCGREGKRVNVDYGLFAEELFSELEKTILPPGGDGPCSNLRSRSKAHGSKKTTLPVDDSPQSELGTPSVSGVSSYKKKSIFTLSGNK
WO67196,cifA,cytoplasmic incompatibility factor cifA,Type I,Wolbachia,WOLB1006,Camponotus obliquus,Type I cifA; Wolbachia WOLB1006 of Camponotus obliquus,CACRDV010000019,"(2,495 - 3,970)",,MPTQKELRATMSKKLQEAIKHPDPTVVAGRKSAIKRWVGVLQDNFMEHIKYFKGDKLKFLHNVFQDEGCWSGIRLNNAALGQRFTEEKIGGVDNPLSEYDIACRYCVVDKIHHLFQEQFESYKGSFSSNAVDGYGNPVTDIYIRNSLLNGMKREDPVLSFWIDRESGELKKYDAVEGFDSAVKLKWSEGVEYFYNLLKEEDKEKKLTGAILALSRVQSVEKDAPILDFCVNKVADKDTLLQKLLQKDKGVYALLAELIESCFFDTVHDLVQCWCYKGVSAGGDHSEKIFSQDEYDLLLYSLSNVMLKNPESSTQARSLIMKIWKCDCFIEYRKISVNISNCIVPIQDMLAGLIINWKREDIYKSDEEKEVEKKEILDVMLFAKDCFPEKFEFFKKLITRNLRLCGREGMEESINYDDLAKELFSELEKTILPPGPGGDGPYSNLRSRSKAHGSKKTTLPVDDSPQSELGTPSASGVSSYKKKSVFTLSGNK*
WO06261,cifA,cytoplasmic incompatibility factor cifA,Type I,Wolbachia,wCobs-BR2009-alpha,Cardiocondyla obscurior,Type I cifA; Wolbachia wCobs-BR2009-alpha of Cardiocondyla obscurior,CACTIU010000068,WOCAOBSORBRA_RS05200,WP_174516070.1,MPTQKELRATMSKKLQEAIKHPDPTVAAGRKSAIKRWVGVLQDNFMEHIKYFKGDKLKFLHNVFQDEGCWSGVRLDNAALGQRFTEEKIGGIDNPLRKYEMACSYCVVDKIHPLFQKRFESYRNNFPPGAFDGKTETEIGKYVRNSLLDSIKRKGPVFDFWIDRESGGLKQPSNASEGFDSAVKLKWSEGVEYFYNHLKEEDKEKKLTEAIIALSRVQSVEKDAPILDFCVRNIADKDTLLQKLSQKDKGIYSLFAELIESCFFDTVHDLVQCWCYEEASARGDHSKEILSQDEYDLLLYSLSNVMLKNPESNVQARSLIMKIWKCDCFIEYRKISVNISNCIVPIQDMLAGLIINWKREDIYKSDEEKEVEKKEILDVILFAKDCFPEKFEFFKKLITKNLRLAGRPGKKVNVDYGLFAEELFSELEKTILPPVGDGPWNNLRSRSKAHGSKETTLPVDDGPQSELGTPSVSGVSSYKKKSVFTLSGNK
WO03263,cifA,cytoplasmic incompatibility factor cifA,Type I,Wolbachia,wCobs-JP2010-OypB,Cardiocondyla obscurior,Type I cifA; Wolbachia wCobs-JP2010-OypB of Cardiocondyla obscurior,CACTIV010000002,WOCAOBSORJPO_RS00385,WP_015588933.1,MPTQKELRATMSKKLQEAIKHPDPAVAAGRKSAIKRWVGVLQDNFMEHIKYFKGDKLKFLHNVFQDEGCWSGVRLDNAALGQRFTEEKIGGIDNPLRKYEMACSYCVVDKIHPLFQKAFESYKNGFSSDELDSRGNPITDEYIRNSLLGGIRRKGPVFDFWIDRESGELKKYDAVEGFDSAVKLRWSEGVEYFYNHLKEEDKEKKLTEAIIALSRPQSVEKDAPILDFCVRNIADKDTLLQKLSQKDKGIYSLFAELIESCFFDTVHDLVQCWCYEEASARGDHSKEILSQDEYDLLLYSLSNVMLKNPESNVQARSLIMKIWKCDCFIEYRKISVNISNCIVPIQDMLAGLIINWKREDIYKSDEEKEVEKKEILDVILFAKDCFPEKFEFFKEKIIKNLRLCGREGMKDYVDYGLFAEELFSELEKTTLPLGPVGDGPWNNLRSRSKAHGSKETTLPVDDGPQSELGTPSVSGVSSYKKKSVFTLSGNK
WO91686,cifA,cytoplasmic incompatibility factor cifA,Type I,Wolbachia,wSh,Drosophila sechellia,Type I cifA; Wolbachia wSh of Drosophila sechellia,JACSNJ010000074,IBL35_RS05110,WP_015588933.1,MPTQKELRATMSKKLQEAIKHPDPAVAAGRKSAIKRWVGVLQDNFMEHIKYFKGDKLKFLHNVFQDEGCWSGVRLDNAALGQRFTEEKIGGIDNPLRKYEMACSYCVVDKIHPLFQKAFESYKNGFSSDELDSRGNPITDEYIRNSLLGGIRRKGPVFDFWIDRESGELKKYDAVEGFDSAVKLRWSEGVEYFYNHLKEEDKEKKLTEAIIALSRPQSVEKDAPILDFCVRNIADKDTLLQKLSQKDKGIYSLFAELIESCFFDTVHDLVQCWCYEEASARGDHSKEILSQDEYDLLLYSLSNVMLKNPESNVQARSLIMKIWKCDCFIEYRKISVNISNCIVPIQDMLAGLIINWKREDIYKSDEEKEVEKKEILDVILFAKDCFPEKFEFFKEKIIKNLRLCGREGMKDYVDYGLFAEELFSELEKTTLPLGPVGDGPWNNLRSRSKAHGSKETTLPVDDGPQSELGTPSVSGVSSYKKKSVFTLSGNK
WO35446,cifA,cytoplasmic incompatibility factor cifA,Type I,Wolbachia,wCobs-JP2010-OypB,Cardiocondyla obscurior,Type I cifA; Wolbachia wCobs-JP2010-OypB of Cardiocondyla obscurior,CACTIV010000063,WOCAOBSORJPO_RS05045,WP_174516982.1,MPSQKELRAAMSKKLQEAIKHPDPTVAAGRKSAIKRWVGVLYDNFMEHIKYFKGDKLKFLHNVFQDEGCWSGVRLDNAALGQRFTEEKIGGVDNPLSDYDIACRYCVVDKIPSLFKEQFDTYKRSFSSNAVDGNGRPVKDDNKYILNSLLYGMKREDPVLSFWIDRESGELKQYDALEGFDSAVKLKWSEGVEYFYNLLKEEDKEKKLTEAIIALSRPQSVEKDAPILDFCVRSIADKDTLLQKLLQKDKGVYSLLAGLIESCFFDTVYDLVQCWCYKGVSEHGDGDRSEKIFSYEEYKLLLSSLSNVMLDNPELNAQARSIIMEMWRCDRFYKHKEAAVDTSNFQVPIENALAGLVVNWERSGRKSDEKKEILEIMLFAKDRFPKKFYSFEEVIIEDLKLCGREGMNDYTDYGLCAEELFSELEGPTLPTGPGGDGPCSNLRSRSKAHGSKKRTLPVDDSPQSELGTPSVSGVSDSHKKKSIFTLSGSLSNK
WO10857,cifA,cytoplasmic incompatibility factor cifA,Type I,Wolbachia,wDacB,Dactylopius coccus,Type I cifA; Wolbachia wDacB of Dactylopius coccus,LSYY01000111,TV41_03145,OAM06075.1,MPTQKELRATMSKKLQEAIKHPDPAVVAGRKSAIKRWVGVLQDNFMEHIKYFKGDKLKFLHNVFQDEGCWSGVRLDNAALGQRFTEEKIGGIDNPLRKYEMACSYCVVDKIHPLFQKRFESYRNKFPPGAFDGKTETEFGKYVRNSLLDSIKRKGPVFDFWIDRESGELKKYDAVEGFDSAVKLKWSEGVEYFYNHLKEEDKEKKLTEAILALSRVQSVEKDAPILDFCVNKIVDKDTLLQKLSQKDKGVYSLFAELIESCFFDTVHDLVQCWCYKEVSARGDCSDKIFSQRDYELFLSSLSDVMLKNPESNVQARSLIMEFWECGSLYQYRKAAVNTSNYTVPTSGVFAELIVNWRREDIYKTDEEKEIEKKEILDMMSFAKDCFPEKFELFKKLIIRDLRLCGREGKRVNVDYGLFAEELFSELEKTILPPGPVGDGPCSNLRSRSKAHGSKKTTLPVDDSPQSELGTPSVSGVSSYKKKSVFTLSGNK
WO32341,cifA,cytoplasmic incompatibility factor cifA,Type I,Wolbachia,wBol1-b,Hypolimnas bolina,Type I cifA; Wolbachia wBol1-b of Hypolimnas bolina,CAOH01000056,WBOL1_RS02195,WP_019236549.1,MPTQKELRATMSKKLQEAIKHPDPAVVAGRKSAIKRWVGVLQDNFMEHIKYFKGDKLKFLHNVFQDEGCWSGVRLDNAALGQRFTEEKIGGIDNPLRKYEMACSYCVVDKIHPLFQKRFESYRNKFPPGAFDGKTETEFGKYVRNSLLDSIKRKGPVFDFWIDRESGELKKYDAVEGFDSAVKLKWSEGVEYFYNHLKEEDKEKKLTEAILALSRVQSVEKDAPILDFCVNKIVDKDTLLQKLSQKDKGVYSLFAELIESCFFDTVHDLVQCWCYKEVSARGDCSDKIFSQRDYELFLSSLSDVMLKNPESNVQARSLIMEFWECGSLYQYRKAAVNTSNYTVPTSGVFAELIVNWRREDIYKTDEEKEIEKKEILDMMSFAKDCFPEKFELFKKLIIRDLRLCGREGKRVNVDYGLFAEELFSELEKTILPPGPVGDGPCSNLRSRSKAHGSKKTTLPVDDSPQSELGTPSVSGVSSYKKKSVFTLSGNK
WO16776,cifA,cytoplasmic incompatibility factor cifA,Type I,Wolbachia,wDacB,Dactylopius coccus,Type I cifA; Wolbachia wDacB of Dactylopius coccus,LSYY01000140,TV41_05095,OAM05766.1,MPRKTERHAAVLKKLQDVIKHIDPEIAVGRRLAIKRWVETYIEHIKSFKDDKLQFLYNVFQDEDCWSGIKLNNVVLGQRLTEEKIGEIDNPLRKYEMACSYCVIDKIHPLFQKAFESYKNGFSSDELDSRGNPITDEYIRNSLLGGIGRKGPVFDFWIDRESGELKKYDAVEGFDSAVKLKWSEGVEYFYNHLKEEDKEKKLTEAIIALSRVQSVEKDAPILDFCVNKVADKDTLLQKLSQKDKGAYSLFAQLIDSCFFDTVHGLVECWCYEGVSARGDHSDKIFSQREYELLLSSLSHVMLKNPESSVQARSLIMEIWKCGRFVEYRKAAVNTSNYTVHVSGMLAGLIVNWKREDGYEPDREKEIEKKEILDIMSFAKGCFPEKFELFKEVMIENLRLCGRKGKKVNVDYGPFAEELFSELEKTTLPPVGDGPWNNLRSQSKVSLPLDDGPQSKFEAPSVSGVSSRRK
WO44235,cifA,cytoplasmic incompatibility factor cifA,Type I,Wolbachia,WOLB1001,Diachasma alloeum,Type I cifA; Wolbachia WOLB1001 of Diachasma alloeum,CACREA010000077,"(3,938 - 5,362)",,MPIETKRQAEVLKKLQDVIKHTDRDIAAGRKLAIKRGVETYIEYIKLFKDDKLEFLYNVFRDEGCWLGTRLNNTVLGQKLTEEKIGEIDNPLPRDGMASRYCITGKIGDFFNKQFVLSRGQFTSEEVDSQGNPISDQYVRNILLSSMKRNGPVFDFWIDRESGELKKYDAVEGFDSAVKLKWSEGVEYFYNQLEEKDKEKKLTEAIVALSRPQSVEKDAPILDFCVRNIGDKDTLLQKLLQKDKGVYSLLAELIESCFFDTVHDLVQCWCYKGVSAGGDCSDKIFSQQDYELFLYSLSNVMLKNPELSVQARSLIMEIWKCERFAEYRETSVNTSNYTVPIKSVLGGLIINWKREDVCKPDREIEKEEILDMISFAKGCFPEKFDLFKEVMIENLRICGREGKRKGVDYGKFAEELFLQLEKVTLPSVGDGPWNNLRSQSKVSLPLDGSGDGPQSEFEAPSVSGISGSHKKRRI*
WO08281,cifA,cytoplasmic incompatibility factor cifA,Type I,Wolbachia,WOLB1001,Diachasma alloeum,Type I cifA; Wolbachia WOLB1001 of Diachasma alloeum,CACREA010000113,"(1,545 - 94)",,MSKKLQEAIKHPDPTVAAGRKSAIKRWVGVLQDNFMGHIKYFKDDKLKFLHEVFQDGDCWSGIRLNNAALGQRFTEEKIGGIDNPLSEYNIACRYCVVDKIPSLFEKQFDSYKRSFSSNAVDGNGRPVKDDNKYILNSLLYGMKREDPVLSFWIDRESGGLKQPSNASEGFDSAVKLEWSEGVEYFYNHLKEEDKEKKLTEAIIALSRPQSVEKDAPILDFCVRNIADKDTLLQKLLQKDRGVYFLFSRLIRSCFFDTVHDLVQYWCYKGVSERGDHSEKIFSQQNYEILLSSLSDTMLKNPESSVQARSLIMEIWQCGSFSEYKKAAIINTSNDRIPIKGVLAELIVNWKREDIYKSDEEKEIEKKEILDMMLFAKNSFPERFEFFKGRIIKSLRLCGREGKRVNVDYGLFAEELFSELEKTILPPGGDGPCSNLRSRSKAHGSKKTTLPVDDSPQSELGTPSVSGVSSYKKKSIFTLSGNK*
WO12466,cifA,cytoplasmic incompatibility factor cifA,Type I,Wolbachia,WOLB1001,Diachasma alloeum,Type I cifA; Wolbachia WOLB1001 of Diachasma alloeum,CACREA010000114,"(1,542 - 94)",,MSKKLQEAIKHPDPTVAAGRKSAIKRWVGVLQDNFMEHIKYFKGDKLKFLHNVFQDEGCWSGVRLDNAALGQRFTEEKIGGIDNPLRKYEMACSYCVVDKIHPLFQKRFESYRNNFPPGAFDGKTETEIGKYVRNSLLDSIKRKGPVFDFWIDRESGGLKQPSNASEGFDSAVKLKWSEGVEYFYNHLKEEDKEKKLTEAIIALSRVQSVEKDAPILDFCVRNIGDKDTLLQKLLQKDKGVYSLLAKLIESCFFDTVHDLVQCWCYKGVSAGGDHSDKIFSQREYELLLSSLSDVMLKNSESSVQARSVIMKIWGCDPFYKHKKAAVNTSNYTVHVSGMLAGLIVNWKREDSHESDREKEIEKKEILDIMSFAKDCFPEKFELFKEVMIENLRLCGREGKRVNVDYGLFAEELFSELEKTTLPLGPVGDGPWNNLRSRSKAHGSKETTLPVDDGPQSELGTPSVSGVSSYKKKSVFTLSGNK*
WO24805,cifA,cytoplasmic incompatibility factor cifA,Type I,Wolbachia,WOLB0003,Diachasma alloeum,Type I cifA; Wolbachia WOLB0003 of Diachasma alloeum,CACPRH010000063,"(3,369 - 4,880)",,MPIETERHAAVLKKLQDVIKHENPDIVAGRKLAIKRWVETYVDHIKCFKDDKLEFLCLIFKDEGCWVKLDKDKPGTRLNNTFLRERVTEEKIDERDNSLRIRIDNPLRRYEMACSYCVVDKIHQLFEERFKAYKKRVPSGAFKGKTETEINEYVRKSLLGSMKRNGDVFNFWIDKESGELKQPSNAEEGFDSAVKLKWSEGVEYFYNLLKEEDKEKKLTEAILALSRVQSVEKDAPILDFCVNNITDKGVLLQRLLRKDKGVYALLAELIDSCFFDTVHDLMQCWCYRGLLEQGDHSDKIFSQREYEVLLSSISNVMLKNPESSVQARSLIMKIWECDRLSEYKKAAVNTSNYTVHISGMLAGLIVNWKREDVCKPDGKEEIEKEEIKNIILFARDSFPEKFSLFKEVMIENLRLCGREGKKEGMDYVKLAEELLFSKLEREPLPARNGGSRVIVEAEDPSFSRSPIRHDASGDGPGSELESPDVSPSGSPEKKKPFTPSGNK*
WO64104,cifA,cytoplasmic incompatibility factor cifA,Type I,Wolbachia,wFex,Formica exsecta,Type I cifA; Wolbachia wFex of Formica exsecta,RCIU01000068,"(90,257 -> 88,791)",,MPTQKELRAAMSKKLQEAIKHPDPTVAAGRKSAIKRWVGVLQDNFMEHIKYFKDDKLKFLHEVFQDEDCWSGIRLNNAALGQRFTEEKIGGIDNPLRKYEMACSYCVVDKIHPLFQKAFESYKNGFSSDELDSRGNPITDEYIRNSLLGGIGRKGPVFDFWIDRESGELKKYDAVEGFDSAVKLKWSEGVEYFYSHLKEEDKEKKLTEAIIALSRVQSVEKDAPILDFCVRNIGDKDTLLQNLLREDEKVYFLFNRLMASCFFDTVHDLIQCWCYNEVSAKEDHSDKILSEDKYDLLLFSLSDVMLKNPELSVQARSLMMEIWKCDRFVEYRKVSVYVSNNIVPIQDMLAGLIINWKREDIYKSDEEKEVEKKEILDVILFAKDCFPEKFEFFKKLITRNLRLAGRPGKKVNVDYGLFAEELFSELERTTLPTGPGGDGPWNNLRSQFKASLPLDGSGDGPQSELGTPSVSGVSSYKKESVFTLSGNK*
WO30414,cifA,cytoplasmic incompatibility factor cifA,Type I,Wolbachia,wHa,Drosophila simulans,Type I cifA; Wolbachia wHa of Drosophila simulans,CP003884 ,wHa_02700,WP_015588933.1,MPTQKELRATMSKKLQEAIKHPDPAVAAGRKSAIKRWVGVLQDNFMEHIKYFKGDKLKFLHNVFQDEGCWSGVRLDNAALGQRFTEEKIGGIDNPLRKYEMACSYCVVDKIHPLFQKAFESYKNGFSSDELDSRGNPITDEYIRNSLLGGIRRKGPVFDFWIDRESGELKKYDAVEGFDSAVKLRWSEGVEYFYNHLKEEDKEKKLTEAIIALSRPQSVEKDAPILDFCVRNIADKDTLLQKLSQKDKGIYSLFAELIESCFFDTVHDLVQCWCYEEASARGDHSKEILSQDEYDLLLYSLSNVMLKNPESNVQARSLIMKIWKCDCFIEYRKISVNISNCIVPIQDMLAGLIINWKREDIYKSDEEKEVEKKEILDVILFAKDCFPEKFEFFKEKIIKNLRLCGREGMKDYVDYGLFAEELFSELEKTTLPLGPVGDGPWNNLRSRSKAHGSKETTLPVDDGPQSELGTPSVSGVSSYKKKSVFTLSGNK
WO94812,cifA,cytoplasmic incompatibility factor cifA,Type I,Wolbachia,wInc_Cu,Drosophila incompta,Type I cifA; Wolbachia wInc_Cu of Drosophila incompta,CP011148,WG67_02690,WP_070356873.1,MPIETKRQAEVLKKLQDVIKHTDRDIAAGRKLAIKRWVETYIEYIKLFKDDKLEFLYNVFRDEGCWLGTRLNNTVLGQKLTEEKIGEIDNPLPRYGMASRYCITGKIGDFFNKQFVLSRGQFTSEEVDSQGNPISDQYVRNILLSSMKRNGPVFDFWIDRESGELKKYDAVEGFDSAVKLKWSEGVEYFYNQLEEKDKEKKLTEAIVALSRPQSVKKDAPILDFCVRNIGDKDTLLQKLLQKDKGVYSLLAELIESYFFDTVHDLVQCWCYKGVSAGGDCSDKIFSQQDYELFLYSLSNVMLKNPELSVQARSLIMEIWKCERFAEYRETSVNTSNYTVPIKSVLGGLIINWKREDVCKPDREIEKEEILDMISFAKGCFPEKFDLFKEVMIENLRICGREGKRKGVDYGKFAEELFLQLEKVTLPSVGDGPWNNLRSQSKVSLPLDGSGDGPQSEFEAPSVGGISGSHKKRRI
WO59169,cifA,cytoplasmic incompatibility factor cifA,Type I,Wolbachia,wIrr,Haematobia irritans,Type I cifA; Wolbachia wIrr of Haematobia irritans,CP037426,E0495_2160,QGT16094.1,MPTQKELRATMSKKLQEAIKHPDPAVAAGRKSAIKRWVGVLQDNFMEHIKYFKGDKLKFLHNVFQDEGCWSGVRLDNAALGQRFTEEKIGGIDNPLRKYEMACSYCVVDKIHPLFQKRFESYRNNFPPGAFDGKTETEIGKYVRNSLLDSIKRKGPVFDFWIDRESGGLKQPSNASEGFDSAVKLKWSEGVEYFYNQLEEKDKEKKLTEAIIALSRVQSVEKDAPILDFCVRNIGDKDTLLQKLLQKDKGVYSLLAELIKSCFFDTVHDLVQCWCYKGVSAGGDHSDKIFSQREYELLLSSLSDVMLKNSESSVQARSVIMKIWGCDHFYKHKKAAVNTSNYTVHVSGMLAGLIVNWKREDSHESDREKEIEKKEILDIMSFAKDCFPEKFELFKEVMIENLRLCGREGMEESINYDDLAKELFSELEKTTLPPGGDGPRYDLRTRSQAHGSKKTSLPLDGSGDGPQSKFEAPSVSGVSSRRK
WO90965,cifA,cytoplasmic incompatibility factor cifA,Type I,Wolbachia,wIrr,Haematobia irritans,Type I cifA; Wolbachia wIrr of Haematobia irritans,CP037426,E0495_2270,QGT16113.1,MPIETKRQAEVLKKLQDVIKHTDRDIAAGRKLAIKRWVETYIEYIKLFKDDKLEFLYNVFRDEGCWLGTRLNNTVLGQKLTEEKIGEIDNPLPRYGMASRYCITGKIGDFFNKQFVLSRGQFTSEEVDSQGNPISDQYVRNILLSSMKRNGPVFDFWIDRESGELKKYDAVEGFDSAVKLKWSEGVEYFYNQLEEKDKEKKLTEAIVALSRPQSVEKDAPILDFCVRNIGDKDTLLQKLLQKDKGVYSLLAELIESCFFDTVHDLVQCWCYKGVSAGGDCSDKIFSQQDYELFLYSLSNVMLKNPELSVQARSLIMEIWKCERFAEYRETSVNTSNYTVPIKSVLGGLIINWKREDVCKPDREIEKEEILDMISFAKGCFPEKFDLFKEVMIENLRICGREGKRKGVDYGKFAEELFLQLEKVTLPSVGDGPWNNLRSQSKVSLPLDGSGDGPQSEFEAPSVSGISGSHKKRRI
WO40752,cifA,cytoplasmic incompatibility factor cifA,Type I,Wolbachia,MIAO-Lgi1,Kradibia gibbosae,Type I cifA; Wolbachia MIAO-Lgi1 of Kradibia gibbosae,JABXYD010000003,HUB90_06420,WP_197907389.1,MPTQKELQATMSKKLQEAIKHPDPAVAAGRKSAIKRWVGVLQDNFMEHIKYFKGDKLKFLHNVFQDEGCWSGVRLDNAALGQRFTEEKIGGIDNPLRKYEMACSYCVVDKIHPLFQKAFESYKNGFSSDELDSRGNPITDEYIRNSLLGGIRRKGPVFDFWIDRESGELKKYDAVEGFDSAVKLRWSEGVEYFYNHLKEEDKEKKLTEAIIALSRPQSVEKDAPILDFCVRNIADKDTLLQKLSQKDKGIYSLFAELIESCFFDTVHDLVQCWCYEEASARGDHSKEILSQDEYDLLLYSLSNVMLKNPESNVQARSLIMKIWKCDCFIEYRKISVNISNCIVPIQDMLAGLIINWKREDIYKSDEEKEVEKKEILDVILFAKDCFPEKFEFFKEKIIKNLRLCGREGMKDYVDYGLFAEELFSELEKTTLPLGPVGDGPWNNLRSRSKAHGSKETTLPVDDGPQSELGTPSVSGVSSYKKKSIFTLSGNK
WO16044,cifA,cytoplasmic incompatibility factor cifA,Type I,Wolbachia,WOLB1012,Liriomyza trifolii,Type I cifA; Wolbachia WOLB1012 of Liriomyza trifolii,CACREW010000019,"(3,818 - 2,976)",,LQKSIQINSNKNWEEGIEFFYNKLHNDSSISSQDKNNLLIEAALSAVKGYKEVDTIEFCLSKMDDEQKKKLLNRDYKENTYYAVLSELIDEYCFDSFKNLFNLLESNGLSFEQYGVILSSLSKKMLLNSDLAEQTRETIMYAWKHKNFEECRKSVFKDYSFIVMVTNLIAELRKESPSNENRKKEISGILECVEHTQVKEMQDSLINRMSAVHGIGEEQFTQDQQLIEQLFSELDKSFKHKKEDPVVQGNDGAGEPSGLPQSSFSLTDTPYNVKSSSHSK*
WO77595,cifA,cytoplasmic incompatibility factor cifA,Type I,Wolbachia,WOLB1013,Megaselia abdita,Type I cifA; Wolbachia WOLB1013 of Megaselia abdita,CACREV010000141,"(5,805 - 4,381)",,MPIETKRQAEVLKKLQDVIKHTDRDIAAGRKLAIKRWVETYIEYIKLFKDDKLEFLYNVFRDEGCWLGTRLNNTVLGQKLTEEKIGEIDNPLPRYGMASRYCITGKIGDFFNKQFVLSRGQFTSEEVDSQGNPISDQYVRNILLSSMKRNGPVFDFWIDRESGELKKYDAVEGFDSAVKLKWSEGVEYFYNQLEEKDKEKKLTEAIVALSRPQSVEKDAPILDFCVRNIGDKDTLLQKLLQKDKGVYSLLAELIESCFFDTVHDLVQCWCYKGVSAGGDCSDKIFSQQDYELFLYSLSNVMLKNPELSVQARSLIMEIWKCERFAEYRETSVNTSNYTVPIKSVLGGLIINWKREDVCKPDREIEKEEILDMISFAKGCFPEKFDLFKEVMIENLRICGREGKRKGVDYGKFAEELFLQLEKVTLPSVGDGPWNNLRSQSKVSLPLDGSGDGPQSEFEAPSVSGISGSHKKRRI*
WO68454,cifA,cytoplasmic incompatibility factor cifA,Type I,Wolbachia,WOLB1013,Megaselia abdita,Type I cifA; Wolbachia WOLB1013 of Megaselia abdita,CACREV010000123,"(940 - 2,391)",,MPRETKRRAAVLNKLQSVIKHTDPDVAAGRKLAIKRWFEAYIEHIKSFKDDKLEFLCNVFQDEGCWSGIRLNNAVLGQKLTEEKIDGIDNSLRRYEIACSYCVVDKILPLFQKRFEFYKNSFPPGAFDGRTEDEISKYVRKSLLDSMKRDGHVFNFWIDKESGELKQPNNAVEGFDSAVKFKWSEGVEYFYNQLEEKDKEKKLTEAIIALSRVQAIKEDAPILDFCVNNIADKDTLLQNLLQKDDGVYSLFDRLIGSYFFDTVHDLVKCWCYEQFSAEGDRSDQIFSQKEYTLLLSSLSKVMLKNPESSIQVRSIIMQIWECSRFNEHKKAAVDASSFHVPIDTVLAGLIVNWKRNGNNLDEKKEILDIMSFARDSFPEKFEFFKESIIEDLTLCGREGMKESIDYGDVAEKLFSELGILPGPGGDGPGYDLRTRSQAHGSKKTSLPLDGSGDVPQSKFESPDVSGASGSHKKKSIFTLSGSK*
WO32432,cifA,cytoplasmic incompatibility factor cifA,Type I,Wolbachia,wMel,Drosophila melanogaster,Type I cifA; Wolbachia wMel of Drosophila melanogaster,AE017196 ,WD0631,WP_010962721.1,MPIETKRQAEVLKKLQDVIKHTDRDIAAGRKLAIKRWVETYIEYIKLFKDDKLEFLYNVFRDEGCWLGTRLNNTVLGQKLTEEKIGEIDNPLPRYGMASRYCITGKIGDFFNKQFVLSRGQFTSEEVDSQGNPISDQYVRNILLSSMKRNGPVFDFWIDRESGELKKYDAVEGFDSTVKLKWSEGVEYFYNQLEEKDKEKKLTEAIVALSRPQSVKRDAPILDFCVRNIGDKDTLLQKLLQKDKGVYFLLAELIESCFFDTVHDLVQCWCYKGVSAGGDCSDKIFSQQDYELFLYSLSNVMLKNPELSVQARSLIMEIWKCERFAEYRETSVNTSNYTVPIKSVLGGLIINWKREDVCKPDREIEKEEILDMISFAKGCFPEKFDLFKEVMIENLRICGREGKRKGVDYGKFAEELFLQLEKVTLPSVGDGPWNNLRSQSKVSLPLDGSGDGPQSEFEAPSVSGISGSHKKRRI
WO88374,cifA,cytoplasmic incompatibility factor cifA,Type I,Wolbachia,WOLB1015,Melophagus ovinus,Type I cifA; Wolbachia WOLB1015 of Melophagus ovinus,CACREU010000116,(2-997),,NFWIDRESGELKKYDAVEGFDSAVRLKWSEGVEYFYNHLKEEDKEKKLTEAIIALSRVQSVEKDAPILDFCVNKIVDKDTLLQKLLQKDKGVYALLAELIESCFFDTVHDLVQCWCYEEASARGDHSKEILSQDEYDLLLYSLSNVMLKNPESNVQARSLIMKIWKCDCFIEYRKISVNISNCIVPIQDMLAGLIINWKREDIYKSDEEKEIEKKEILDMMLFAKNSFPERFEFFKGRIIKSLRLCGREGKRVNVDYGLFAEELFSELEKTILPPVGDGPWNNLRSRSKAHGSKKTTLPVDDGPQSELGTPSVSGVSSYKKKSVFTLSGNK*
WO55451,cifA,cytoplasmic incompatibility factor cifA,Type I,Wolbachia,wNik,Drosophila nikananu,Type I cifA; Wolbachia wNik of Drosophila nikananu,CP050530,HC356_02320,QMV46921.1,MPTQEELRATMSKKLQEAIEYPDPTVAAGRKSAIKRWVGVLQDNFMEHIKYFKGDKLKFLHNVFQDEGCWSGVRLDNAALGQRFTEEKIEEIDNPLRKYEMACSYCVVDKIHPLFQKAFESYKNGFSSDELDSRGNPITDEYIRNSLLGGIRRKGPVFDFWIDRESGELKQYDAVEGFDSAVKLKWSEGVEYFYNHLKEEDKEKKLTEAILALSRPQSVEKDAPILDFCVRNIGDKDTLLQKLLQKDKGVYSLLAELIESCFFDTVHDLVQCWCYKGVSERGDHSEKIFSQDEYDLLLYSLSNVMLKNPESSVQARSLIMKIWKCERFTEYRETSVNTSNYTVPIKSVLGGLIINWKREDICKPDREIEKEKILDIISFTKSCFPEKFELFKEDVCKSDREIEKEEILDIISFAKSCFPEKFELFKEVMVENLRLCGREGMEESINYDDLAKELLSELEKTTLPPGGDGPRYDLRTRSKAHGSKKTTLPVDDSPQSELGTPSVSGVSSYKKKSIFTLSGNK
WO53187,cifA,cytoplasmic incompatibility factor cifA,Type I,Wolbachia,wNpa,Nomada panzeri,Type I cifA; Wolbachia wNpa of Nomada panzeri,LYUX01000014,BA050_RS01930,WP_065094606.1,MPTQKELRATMSKKLQEAIKHPDPTVTAGRKSAIKRWVGVLHDNFMEHIKYFKDDKLEFLRNVFQDEGCWSGVRLDNAALGQRFTEEKIGGVDNPLSEYDIACRYCVVDKIHHLFQEQFESYKGSFSSNAVDGYGNPVTDIYIRNSLLNGMKREDPVLSFWIDRESGELKQYDAVEGFDSAVKLKWSEGVEHFYNHLKEEDKEKKLTEAILALSRPQSVEKDAPILDFCVNKIVDKDTLLQKLSQKDKGVYSLFAELIESCFFDTVHDLVQCWCYKEVSAGGDCSDKIFSQRDYELFLSSLSDVMLKNPESNVQARSLIMEFWECGSLYQYRKAAVNTSNYTVPTSGVFAELIVNWRREDIYKTDEEKEIEKKEILDMMSFAKDCFPEKFELFKKLIIRDLRLCGREGKRVNVDYGLFAEELFSELEKTILPPGPVGDGPCSNLRSRSKAHGSKKTTLPVDDSPQSELGTPSVSGVSSYKKKSVFTLSGNK
WO72823,cifA,cytoplasmic incompatibility factor cifA,Type I,Wolbachia,Ob_Wba,Operophtera brumata,Type I cifA; Wolbachia Ob_Wba of Operophtera brumata,JYPC01000094,(161-1445),,MLTQKELRATMSKKLQEAIKHTDHEIAAGRKSAIKRWVGVLQDNFMEHIKYFKGDKLKFLHNVFQDEGCWSGTRLNNAVLGQRFTEEKIGGIDNPLRKYEMACSYCVVDKILPLFQKRFEFLKSKFPPGKFDGKTETEIDKYVRDSLLDTIKRNGPVFDFWIDRGSGKLKKYDAVEGFDSAVKLEWSEGVEYFYNHLKEEDKEKKLTEAILALSRVQSVEKDAPILDFCIRNVGNKDTILQKLSQKDKGVYSLFAELIDSCFFDTVHDLVQCWCYKEASARGDSSEKTFSQDEYDLLLYSLSNVMLKNPESSTQARSLIMKIWKCDCFIEYRKISVNISNCIVPIQDMLAGLIINWKREDIYKSDEEKEVEKKEILDVMLFAKDCFPEKFEFFEELITRNLRLCGRKGKKVNVDYGLFAEELFSELEK
WO38952,cifA,cytoplasmic incompatibility factor cifA,Type I,Wolbachia,WOLB0012,Osmia caerulescens,Type I cifA; Wolbachia WOLB0012 of Osmia caerulescens,CACPRP010000004,"(11,083 -> 9,626)",,LTEEKVEEIDNPLRIYEIASSYCVVDKIHPLFQKRFESYKSNFSSDELDGSGNPITDKYIRNSLLSGIGRKGHVFNFWIDKESGELKQYDAVEGFDSAVKLKWSEGVEYFYNHLKEEDKEKKLTEAILALSRPQSVEKDAPILDFCVRNIADKDTLLQKLSQKDKGVYSLFAELIESCFFDTVHDLVQCWCYKEVSAGGDHSEKIFSYEEYKLLLSSLSNVMLENPEFNAQARSLIMEIWRCGRFYKHKEAAVDTSNFQVPIENALAGLVVNWERSGRKSNEKKEILEIMLFARDRFPEKFESFKKVMIEDLRLCGREGMEEDIDYGDFAKELFFELEKATLPPRDDGSGDHRRRSIVEAEDPSFSGSSTRHDGSGDAPQSILGTPGVSGFSRRS
WO13882,cifA,cytoplasmic incompatibility factor cifA,Type I,Wolbachia,wOneA1,Nasonia oneida,Type I cifA; Wolbachia wOneA1 of Nasonia oneida,QESS01000032,DEF52_05795,KAB2977693.1,MPTQKELRATMSKKLQEAIKHPDPTVAAGRKSAIKRWVGVLQDNFMEHIKYFKGDKLKFLHNVFQDEGCWSGVRLDNAALGQRFTEEKIGGIDNPLRKYEMACSYCVVDKIHPLFQKRFESYRNNFPPGAFDGKTETEIGKYVRNSLLDSIKRKGPVFDFWIDRESGGLKQPSNASEGFDSAVKLKWSEGVEYFYNHLKEEDKEKKLTEAIIALSRVQSVEKDAPILDFCVRNIGDKDTLLQKLLQKDKGVYSLLAKLIESCFFDTVHDLVQCWCYKGVSAGGDCSDKIFSQQDYELFLYSLSNVMLKNPELSVQARSLIMEIWKCERFAEYRETSVNTSNYTVPIKSVLGGLIINWKREDVCKPDREIEKEEILDMISFAKGCFPEKFDLFKEVMIENLRICGREGKRKGVDYGKFAEELFLQLEKVTLPSVGDGPWNNLRSQSKVSLPLDGSGDGPQSEFEAPSVSGISGSHKKRRI
WO27813,cifA,cytoplasmic incompatibility factor cifA,Type I,Wolbachia,WOLB0053,Pararge aegeria,Type I cifA; Wolbachia WOLB0053 of Pararge aegeria,CACPTC010000010,"(31,855 - 30,380)",,MPTQKELRATMSKKLQEAIKHPDPAVVAGRKSAIKRWVGVLQDNFMEHIKYFKGDKLKFLHNVFQDEGCWSGVRLDNAALGQRFTEEKIGGIDNPLRKYEMACSYCVVDKIHPLFQKRFESYRNKFPPGAFDGKTETEFGKYVRNSLLDSIKRKGPVFDFWIDRESGELKKYDAVEGFDSAVKLKWSEGVEYFYNHLKEEDKEKKLTEAILALSRVQSVEKDAPILDFCVNKIVDKDTLLQKLSQKDKGVYSLFAELIESCFFDTVHDLVQCWCYKEVSARGDCSDKIFSQRDYELFLSSLSDVMLKNPESNVQARSLIMEFWECGSLYQYRKAAVNTSNYTVPTSGVFAELIVNWRREDIYKTDEEKEIEKKEILDMMSFAKDCFPEKFELFKKLIIRDLRLCGREGKRVNVDYGLFAEELFSELEKTILPPGPVGDGPCSNLRSRSKAHGSKKTTLPVDDSPQSELGTPSVSGVSSYKKKSVFTLSGNK*
WO06499,cifA,cytoplasmic incompatibility factor cifA,Type I,Wolbachia,wPanCI,Drosophila pandora pl+,Type I cifA; Wolbachia wPanCI of Drosophila pandora pl+,MG807657,cifA,AYE93037.1,MPIETKRQAEVLKKLQDVIKHTDRDIAAGRELAIKGWVETYIEYIKLFKDDKLEFLYNVFRDEGCWLGTRLNNTVLGQKLTEEKIGEIDNPLPRYGMASRYCITGKIGDFFNKQFVLSRGQFTSEEVDSQGNPISDQYVRNILLSSMKRNGPVFDFWIDRESGELKKYDAVEGFDSAVKLKWSEGVEYFYNQLEEKDKEKRLTEAIVALSRPQSVKKDAPILDFCVRNIGDKDTLLQKLLQKDKGVYSLLAELIESCFFDTVHDLVQCWCYKGVSAGGDCSDKIFSQQDYELFLYSLSNVMLKNPELSVQARSLIMEIWKCERFAEYRETSVNTSNYTIPIKSVLGGLIINWKREDVCKPDRKIEKEEILDMISFAKGCFPEKFDLFKEVMIENLRICGREGKRKGVDCGKFAEELFLQLEKVTLPSVGDGPWNNLRSQSKVSLPLDGSGDGPQSEFDAPSVSGISGSHKKRRI
WO38549,cifA,cytoplasmic incompatibility factor cifA,Type I,Wolbachia,wPanMK,Drosophila pandora C168+,Type I cifA; Wolbachia wPanMK of Drosophila pandora C168+,MG807658,cifA,AYE93039.1,MPIETKRQAEVLKKLQDVIKHTDRDIAAGRKLAIKRWVGTYIEYIKLFKDDKLEFLYNVFRDEGCWLGTRLNNTVLGQKLTEEKIGEIDNPLPRYGMASRYCITGKIGDFFNKQFVHSRGQFTSEEVDSQGNPISDQYVRNILLSSMKRNGPVFDFWIDRESGELKKYDAVEGFDSTVKLKWSEGVEYFYNQLEEKDKEKKLTEAIVALSRPQSVKRDAPILDFCVRNIGDKDTLLQKLLQKDKGVYSLLAELIESCFFDTVHDLVQCWCYKGVSAGGDCSDKIFSQQDYELFLYSLSNVMLKNPELSVQARSLIMEIWKCERFAEYRETSVNTSNYTVPIKSVLGGLIINWKREDVCKPDRGIEKEEILDMISFAKGCFPEKFDLFKEVMIENLRICGREGKRKGVDYGKFAEELFLQLEKVTLPSVGDGPWNNLRSQSKVSLPPDGSGDGPQSEFEAPSVSGISGSHKKRRI
WO96633,cifA,cytoplasmic incompatibility factor cifA,Type I,Wolbachia,wPip,Culex quinquefasciatus Pel,Type I cifA; Wolbachia wPip of Culex quinquefasciatus Pel,AM999887,WP0282,WP_012481787.1,MPTQKELRDTMSKKLQEAIKHPDPAVVAGRKSAIKRWVGVLQDNFMEHIKYFKGDKLKFLHNVFQDEGCWSGVRLDNAALGQRFTEEKIGGIDNPLRKYEMACSYCVVDKIHPLFQKRFESYRNKFPPGAFDGKTETEFGKYVRNSLLDSIKRKGPVFDFWIDRESGELKKYDAVEGFDSAVKFKWSEGVEYFYNHLKEEDKEKKLTEAILALSRVQSVEKDAPILDFCVNKIVDKDTLLQKLSQKDKGVYSLFAELIESCFFDTVHDLVQCWCYKEVSAGGDHSEKIFSQRDYELFLSSLSDTMLKNPELSVQARSLIMEFWECGSLYQYRKAAVNTSNYTVPTSGVFAELIVNWRREDIYKTDEEKEIEKKEILDMMSFAKDCFPEKFELFKKLIIRDLRLCGREGKRVNVDYGLFAEELFSELEKTILPPGPVGDGPCSNLRSRSKAHGSKKTTLPVDDSPQSELGTPSVSGVSSYKKKSVFTLSGNK
WO46994,cifA,cytoplasmic incompatibility factor cifA,Type I,Wolbachia,wRec,Drosophila recens,Type I cifA; Wolbachia wRec of Drosophila recens,JQAM01000018,WREC_RS01640,WP_038198916.1,MPIETKRQAEVLKKLQDVIKHTDRDIAAGRKLAIKRWVETYIEYIKLFKDDKLEFLYNVFRDEGCWLGTRLNNTVLGQKLTEEKIGEIDNPLPRYGMASRYCITGKIGDFFNKQFVLSRGQFTSEEVDSQGNPISDQYVRNILLSSMKRNGPVFDFWIDRESGELKKYDAVEGFDSTVKLKWSEGVEYFYNQLEEKDKEKKLTEAIVALSRPQSVKRDAPILDFCVRNIGDKDTLLQKLLQKDKGVYSLLAELIESCFFDTVHDLVQCWCYKGVSAGGDCSDKIFSQQDYELFLYSLSNVMLKNPELSVQARSLIMEIWKCERFAEYRETSVNTSNYTVPIKSVLGGLIINWKREDVCKPDREIEKEEILDMISFAKGCFPEKFDLFKEVMIENLRICGREGKRKGVDYGKFAEELFLQLEKVTLPSVGDGPWNNLRSQSKVSLPLDGSGDGPQSEFEAPNVSGISGSHKKRRI
WO29348,cifA,cytoplasmic incompatibility factor cifA,Type I,Wolbachia,wRi,Drosophila simulans Riverside,Type I cifA; Wolbachia wRi of Drosophila simulans Riverside,CP001391 ,WRi_005370; WRi_010030,WP_012673191.1,MPIETKRQAEVLKKLQDVIKHTDRDIAAGRKLAIKRWVETYIEYIKLFKDDKLEFLYNVFRDEGCWLGTRLNNTVLGQKLTEEKIGEIDNPLPRYGMASRYCITGKIGDFFNKQFVLSRGQFTSEEVDSQGNPISDQYVRNILLSSMKRNGPVFDFWIDRESGELKKYDAVEGFDSAVKLKWSEGVEYFYNQLEEKDKEKKLTEAIVALSRPQSVKKDAPILDFCVRNIGDKDTLLQKLLQKDKGVYSLLAELIESCFFDTVHDLVQCWCYKGVSAGGDCSDKIFSQQDYELFLYSLSNVMLKNPELSVQARSLIMEIWKCERFAEYRETSVNTSNYTVPIKSVLGGLIINWKREDVCKPDRKIEKEEILDMISFAKGCFPEKFDLFKEVMIENLRICGREGKRKGVDYGKFAEELFLQLEKVTLPSVGDGPWNNLRSQSKVSLPLDGSGDGPQSEFEAPSVSGISGSHKKRKI
WO09302,cifA,cytoplasmic incompatibility factor cifA,Type I,Wolbachia,wSan_Quija630.39,Drosophila santomea,Type I cifA; Wolbachia wSan_Quija630.39 of Drosophila santomea,VCEH01000100,FFT13_01995,TLW86988.1,MPIETKRQAEVLKKLQDVIKHTDRDIAAGRKLAIKRWVETYIEYIKLFKDDKLEFLYNVFRDEGCWLGTRLNNTVLGQKLTEEKIGEIDNPLPRYGMASRYCITGKIGDFFNKQFVLSRGQFTSEEVDSQGNPISDQYVRNILLSSMKRNGPVFDFWIDRESGELKKYDAVEGFDSTVKLKWSEGVEYFYNQLEEKDKEKKLTEAIVALSRPQSVKRDAPILDFCVRNIGDKDTLLQKLLQKDKGVYSLLAELIESCFFDTVHDLVQCWCYKGVSAGGDCSDKIFSQQDYELFLYSLSNVMLKNPELSVQARSLIMEIWKCERFAEYRETSVNTSNYTVPIKSVLGGLIINWKREDVCKPDREIEKEEILDMISFAKGCFPEKFDLFKEVMIENLRICGREGKRKGVDYGKFAEELFLQLEKVTLPSVGDGPWNNLRSQSKVSLPLDGSGDGPQSEFEAPSVSGISGSHKKRRI
WO95301,cifA,cytoplasmic incompatibility factor cifA,Type I,Wolbachia,wSh,Drosophila sechellia,Type I cifA; Wolbachia wSh of Drosophila sechellia,JACSNJ010000021,"(10,897 -> 9,761)",,MASRYCITGKIGDFFNKQFVLSRGQFTSEEVDSQGNPISDQYVRNILLSSMKRNGPVFDFWIDRESGELKKYDAVEGFDSTVKLKWSEGVEYFYNQLEEKDKEKKLTEAIVALSRPQSVKKDAPILDFCVRNIGDKDTLLQKLLQKDKGVYSLLAELIESCFFDTVHDLVQCWCYKGVSAGGDCSDKIFSQQDYELFLYSLSNVMLKNPELSVQARSLIMEIWKCERFAEYRETSVNTSNYTVPIKSVLGGLIINWKREDVCKPDREIEKEEILDMISFAKGCFPEKFDLFKEVMIENLRICGREGKRKGVDYGKFAEELFLQLEKVTLPSVGDGPWNNLRSQSKVSLPLDGSGDGPQSEFEAPSVSGISGSHKKRRI*
WO37607,cifA,cytoplasmic incompatibility factor cifA,Type I,Wolbachia,wSh,Drosophila sechellia,Type I cifA; Wolbachia wSh of Drosophila sechellia,JACSNJ010000074,"(24,371 - 22,926)",,MSKKLQEAIKHPDPAVAAGRKSAIKRWVGVLQDNFMEHIKYFKGDKLKFLHNVFQDEGCWSGVRLDNAALGQRFTEEKIGGIDNPLRKYEMACSYCVVDKIHPLFQKAFESYKNGFSSDELDSRGNPITDEYIRNSLLGGIRRKGPVFDFWIDRESGELKKYDAVEGFDSAVKLRWSEGVEYFYNHLKEEDKEKKLTEAIIALSRPQSVEKDAPILDFCVRNIADKDTLLQKLSQKDKGIYSLFAELIESCFFDTVHDLVQCWCYEEASARGDHSKEILSQDEYDLLLYSLSNVMLKNPESNVQARSLIMKIWKCDCFIEYRKISVNISNCIVPIQDMLAGLIINWKREDIYKSDEEKEVEKKEILDVILFAKDCFPEKFEFFKEKIIKNLRLCGREGMKDYVDYGLFAEELFSELEKTTLPLGPVGDGPWNNLRSRSKAHGSKETTLPVDDGPQSELGTPSVSGVSSYKKKSVFTLSGNK*
WO68719,cifA,cytoplasmic incompatibility factor cifA,Type I,Wolbachia,wSol,Ceratosolen solmsi,Type I cifA; Wolbachia wSol of Ceratosolen solmsi,KC955252,wSo0010,AGK87106.1,MSKKLQEAIKHPDPAVAAGRKSAIKRWVGVLQDNFMEHIKYFKGDKLKFLHNVFQDEGCWSGVRLDNAALGQRFTEEKIGGIDNPLRKYEMACSYCVVDKIHPLFQKAFESYKNGFSSDELDSRGNPITDEYIRNSLLGGIRRKGPVFDFWIDRESGELKKYDAVEGFDSAVKLRWSEGVEYFYNHLKEEDKEKKLTEAIIALSRPQSVEKDAPILDFCVRNIADKDTLLQKLSQKDKGIYSIFAELIESCFFDTVHDLVQCWCYEEASARGDHSKEILSQDEYDLLLYSLSNVMLKNPESNVQARSLIMKIWKCDCFIEYRKISVNISNCIVPIQDMLAGLIINWKREDIYKSDEEKEVEKKEILDVILFAKDCFPEKFEFFKEKIIKNLRLCGREGMKDYVDYGLFAEELFSELEKTTLPLGPVGDGPWNNLRSRSKAHGSKETTLPVDDGPQSELGTPSVSGVSSYKKKSVFTLSGNK
WO25292,cifA,cytoplasmic incompatibility factor cifA,Type I,Wolbachia,wSpc,Drosophila subpulchrella,Type I cifA; Wolbachia wSpc of Drosophila subpulchrella,NTHL01000072,CLD06_05125,PBD15577.1,MPIETKRQAEVLKKLQDVIKHTDRDIAAGRKLAIKRWVETYIEYIKLFKDDKLEFLYNVFRDEGCWLGTRLNNTVLGQKLTEEKIGEIDNPLPRYGMASRYCITGKIGDFFNKQFVLSRGQFTSEEVDSQGNPISDQYVRNILLSSMKRNGPVFDFWIDRESGELKKYDAVEGFDSAVKLKWSEGVEYFYNQLEEKDKEKKLTEAIVALSRPQSVKKDAPILDFCVRNIGDKDTLLQKLLQKDKGVYSLLAELIESCFFDTVHDLVQCWCYKGVSAGGDCSDKIFSQQDYELFLYSLSNVMLKNPELSVQARSLIMEIWKCERFAEYRETSVNTSNYTVPIKSVLGGLIINWKREDVCKPDREIEKEEILDMISFAKGCFPEKFDLFKEVMIENLRICGREGKRKGVDYGKFAEELFLQLEKVTLPSVGDGPWNNLRSQSKVSLPLDGSGDGPQSEFEAPSVSGISGSHKKRRI
WO54392,cifA,cytoplasmic incompatibility factor cifA,Type I,Wolbachia,wStv,Drosophila sturtevanti,Type I cifA; Wolbachia wStv of Drosophila sturtevanti,CP050531,HC358_04565,QMV46300.1,MPIETKRQAEVLKKLQDVIKHTDRDIAAGRKLAIKRWVETYIEYIKLFKDDKLEFLYNVFRDEGCWLGTRLNNTVLGQKLTEEKIGEIDNPLPRYGMASRYCITGKIGDFFNKQFVLSRGQFTSEEVDSQGNPISDQYVRNILLSSMKRNGPVFDFWIDRESGELKKYDAVEGFDSAVKLKWSEGVEYFYNQLEEKDKEKKLTEAIVALSRPQSVKKDAPILDFCVRNIGDKDTLLQKLLQKDKGVYSLLAELIESCFFDTVHDLVQCWCYKGVSAGGDCSDKIFSQQDYELFLYSLSNVMLKNPELSVQARSLIMEIWKCERFAEYRETSVNTSNYTVPIKSVLGGLIINWKREDVCKPDREIEKEEILDMISFAKGCFSKKFNLFKEVMIENLRICGREGKRKGVDYGKFAEELFLQLEKVTLPSVGDGPWNNLRSQSKVSLPLDGSGDGPQSEFEAPSVSGISGSHKKRRI
WO41907,cifA,cytoplasmic incompatibility factor cifA,Type I,Wolbachia,wSpc,Drosophila subpulchrella,Type I cifA; Wolbachia wSpc of Drosophila subpulchrella,NTHL01000072,CLD06_05125,WP_044471237.1,MPIETKRQAEVLKKLQDVIKHTDRDIAAGRKLAIKRWVETYIEYIKLFKDDKLEFLYNVFRDEGCWLGTRLNNTVLGQKLTEEKIGEIDNPLPRYGMASRYCITGKIGDFFNKQFVLSRGQFTSEEVDSQGNPISDQYVRNILLSSMKRNGPVFDFWIDRESGELKKYDAVEGFDSAVKLKWSEGVEYFYNQLEEKDKEKKLTEAIVALSRPQSVKKDAPILDFCVRNIGDKDTLLQKLLQKDKGVYSLLAELIESCFFDTVHDLVQCWCYKGVSAGGDCSDKIFSQQDYELFLYSLSNVMLKNPELSVQARSLIMEIWKCERFAEYRETSVNTSNYTVPIKSVLGGLIINWKREDVCKPDREIEKEEILDMISFAKGCFPEKFDLFKEVMIENLRICGREGKRKGVDYGKFAEELFLQLEKVTLPSVGDGPWNNLRSQSKVSLPLDGSGDGPQSEFEAPSVSGISGSHKKRRI
WO48567,cifA,cytoplasmic incompatibility factor cifA,Type I,Wolbachia,valsugana,Drosophila suzukii strain DS-VAL-F5,Type I cifA; Wolbachia valsugana of Drosophila suzukii strain DS-VAL-F5,CAOU02000034,ON35_RS04650,WP_044471237.1,MPIETKRQAEVLKKLQDVIKHTDRDIAAGRKLAIKRWVETYIEYIKLFKDDKLEFLYNVFRDEGCWLGTRLNNTVLGQKLTEEKIGEIDNPLPRYGMASRYCITGKIGDFFNKQFVLSRGQFTSEEVDSQGNPISDQYVRNILLSSMKRNGPVFDFWIDRESGELKKYDAVEGFDSAVKLKWSEGVEYFYNQLEEKDKEKKLTEAIVALSRPQSVKKDAPILDFCVRNIGDKDTLLQKLLQKDKGVYSLLAELIESCFFDTVHDLVQCWCYKGVSAGGDCSDKIFSQQDYELFLYSLSNVMLKNPELSVQARSLIMEIWKCERFAEYRETSVNTSNYTVPIKSVLGGLIINWKREDVCKPDREIEKEEILDMISFAKGCFPEKFDLFKEVMIENLRICGREGKRKGVDYGKFAEELFLQLEKVTLPSVGDGPWNNLRSQSKVSLPLDGSGDGPQSEFEAPSVSGISGSHKKRRI
WO41286,cifA,cytoplasmic incompatibility factor cifA,Type I,Wolbachia,valsugana,Drosophila suzukii strain DS-VAL-F5,Type I cifA; Wolbachia valsugana of Drosophila suzukii strain DS-VAL-F5,CAOU02000021,ON35_RS02515,WP_044471237.1,MPIETKRQAEVLKKLQDVIKHTDRDIAAGRKLAIKRWVETYIEYIKLFKDDKLEFLYNVFRDEGCWLGTRLNNTVLGQKLTEEKIGEIDNPLPRYGMASRYCITGKIGDFFNKQFVLSRGQFTSEEVDSQGNPISDQYVRNILLSSMKRNGPVFDFWIDRESGELKKYDAVEGFDSAVKLKWSEGVEYFYNQLEEKDKEKKLTEAIVALSRPQSVKKDAPILDFCVRNIGDKDTLLQKLLQKDKGVYSLLAELIESCFFDTVHDLVQCWCYKGVSAGGDCSDKIFSQQDYELFLYSLSNVMLKNPELSVQARSLIMEIWKCERFAEYRETSVNTSNYTVPIKSVLGGLIINWKREDVCKPDREIEKEEILDMISFAKGCFPEKFDLFKEVMIENLRICGREGKRKGVDYGKFAEELFLQLEKVTLPSVGDGPWNNLRSQSKVSLPLDGSGDGPQSEFEAPSVSGISGSHKKRRI
WO72676,cifA,cytoplasmic incompatibility factor cifA,Type I,Wolbachia,wTei_cascade_4_2,Drosophila teissieri,Type I cifA; Wolbachia wTei_cascade_4_2 of Drosophila teissieri,VCEG01000062,FFT12_03125,TLW85490.1,MPIETKRQAEVLKKLQDVIKHTDRDIAAGRKLAIKRWVETYIEYIKLFKDDKLEFLYNVFRDEGCWLGTRLNNTVLGQKLTEEKIGEIDNPLPRYGMASRYCITGKIGDFFNKQFVLSRGQFTSEEVDSQGNPISDQYVRNILLSSMKRNGPVFDFWIDRESGELKKYDAVEGFDSTVKLKWSEGVEYFYNQLEEKDKEKKLTEAIVALSRPQSVKRDAPILDFCVRNIGDKDTLLQKLLQKDKGVYSLLAELIESCFFDTVHDLVQCWCYKGVSAGGDCSDKIFSQQDYELFLYSLSNVMLKNPELSVQARSLIMEIWKCERFAEYRETSVNTSNYTVPIKSVLGGLIINWKREDVCKPDREIEKEEILDMISFAKGCFPEKFDLFKEVMIENLRICGREGKRKGVDYGKFAEELFLQLEKVTLPSVGDGPWNNLRSQSKVSLPLDGSGDGPQSEFEAPSVSGISGSHKKRRI
WO60079,cifA,cytoplasmic incompatibility factor cifA,Type I,Wolbachia,wTri,Drosophila triauraria,Type I cifA; Wolbachia wTri of Drosophila triauraria,JAATLG010000007,HCR11_05295,MBA8767250.1,MPIETKRQAEVLKKLQDVIKHTDRDIATGRKLAIKRWVETYIEYIKLFKDDKLEFLYNVFRDEGCWLGTRLNNTVLGQKLTEEKIGEIDNPLPRYGMASRYCITGKIGDFFNKQFVLSRGQFTSEEVDSQGNPISDQYVRNILLSSMKRNGPVFDFWIDRESGELKKYDAVEGFDSAVKLKWSEGVEYFYNQLEEKDKEKKLTEAIVALSRPQSVEKDAPILDFCVRNIGDKDTLLQKLLQKDKGVYSLLAELIESCFFDTVHDLVQCWCYKGVSAGGDCSDKIFSQQDYELFLYSLSNVMLKNPELSVQARSLIMEIWKCERFAEYRETSVNTSNYTVPIKSVLGGLIINWKREDVCKPDREIEKEEILDMISFAKGCFPEKFDLFKEVMIENLRICGREGKRKGVDYGKFAEELFLQLEKVTLPSVGDGPWNNLRSQSKVSLPLDGSGDGPQSEFEAPSVSGISGSHKKRRI
WO14047,cifA,cytoplasmic incompatibility factor cifA,Type I,Wolbachia,wVitA,Nasonia vitripennis,Type I cifA; Wolbachia wVitA of Nasonia vitripennis,MUJM01000015,N499_0142,WP_077188112.1,MPTQKELRATMSKKLQEAIKHPDPTVAAGRKSAIKRWVGVLQDNFMEHIKYFKGDKLKFLHNVFQDESCWSGIRLNNAVLGQRLTEEKIGGIDNPLRKYEMACSYCVVDKIHPLFQKRFEFLKNGFRPGARDGSGNPITDKYVRNSLLDTIKRNGSVFDFWIDRESGELKKYDAVEGFDSAVKLKWSEGVEYFYNLLKEEDKEKKLTEAIIALSRPQSVEKDAPILDFCVNNITDKGVLLQKLLRKDKGVYALFARLIDSCFFDTVHDLVQCWCYRGLLEQGDHSDKIFSQRDYELLLSLLSDVMLKNPESSVQARSLIMEIWKCDRLIEYRKAAIIDPSNGRIPIKEVLTGLIVNAQRGDVCKPNEEKEMERGEIRDMILFAEKNTSPERFKFFKGRVIKSLRLCGREGKKEGAECVKLAEELFPKLGESTSPPRDDGSGNHQRRSIVEAEDSNPSIRNDGSGDGPQSEFEASSVSGVSGSHKKGSIFTMSGSSSHR
WO32591,cifA,cytoplasmic incompatibility factor cifA,Type I,Wolbachia,wYak_CY17C,Drosophila yakuba,Type I cifA; Wolbachia wYak_CY17C of Drosophila yakuba,VCEF01000007,FFT11_00135,TLW88872.1,MPIETKRQAEVLKKLQDVIKHTDRDIAAGRKLAIKRWVETYIEYIKLFKDDKLEFLYNVFRDEGCWLGTRLNNTVLGQKLTEEKIGEIDNPLPRYGMASRYCITGKIGDFFNKQFVLSRGQFTSEEVDSQGNPISDQYVRNILLSSMKRNGPVFDFWIDRESGELKKYDAVEGFDSTVKLKWSEGVEYFYNQLEEKDKEKKLTEAIVALSRPQSVKRDAPILDFCVRNIGDKDTLLQKLLQKDKGVYSLLAELIESCFFDTVHDLVQCWCYKGVSAGGDCSDKIFSQQDYELFLYSLSNVMLKNPELSVQARSLIMEIWKCERFAEYRETSVNTSNYTVPIKSVLGGLIINWKREDVCKPDREIEKEEILDMISFAKGCFPEKFDLFKEVMIENLRICGREGKRKGVDYGKFAEELFLQLEKVTLPSVGDGPWNNLRSQSKVSLPLDGSGDGPQSEFEAPSVSGISGSHKKRRI
WO96169,cifA,cytoplasmic incompatibility factor cifA,Type II,Wolbachia,wBic,Drosophila bicornuta,Type II cifA; Wolbachia wBic of Drosophila bicornuta,JAATLB010000013,HCR08_02850,MBA8755018.1,MPRKKVERHATILKKLQDNVRHTDSNITAGRRLTIERWVKTYMRQVEYLKDDGLQFLYNVFQDESCWSGMKLNNVTLGQKLVEEKVGGIKNPLSRYDMACRYCVIDKIPRLFEEKFEFHKGRFSPDAVDSDGRPAASNNKYIRSDLLGSMESYDPVFSFWIDRESEGLKLKEYSNVEGFRGAVGFRWSEGVEYFYDRLSEKEREKEIIGAITTLSSAQCNHNGAVILDFCLNKMNAQGKNKLLKNSELSKKDKGIYSLFSVLIHQNFFDTVQTIVPMFKNKILEDRILSPEDYALLLSSLSDKIVESPTLSTQARKVMIDLIKCGNFNSHEREEEKTAVFFSNGTVPIKHALAGLIIDLELSSGIGSVANVKKSEILEILKFAKKFCSATDFKNLEKSIVKNLKMVGRAGMKDDIDYDKLAEKLFSELEKEAPTPPQGGGSGDPQSMLGSAGVSGFSCHRR
WO51985,cifA,cytoplasmic incompatibility factor cifA,Type II,Wolbachia,PL13,Cimex hemipterus,Type II cifA; Wolbachia PL13 of Cimex hemipterus,CP061738,ID128_02375,QOD38690.1,MPKKMERHAAVLSKLKSVIQHTDSKVMAERRSAIERWVKTYIRQVEYLKDDKLQFLYNIFRDESCWSGTRLNNTILGQRFTEEKIGEIKNPLPIYDMACRYCVIDKIPLLFQKQFESYKSSFSSEAIDDDGKPATSNNKYVKSELLGYMKSQDPVFSFWVDKKSGEFKKHVSATEGFKKAIELKWSEGVEYFYSLLNEKERERKITDAVTILSSVQCDHNGAVTLDFCLSKMSDQAKNKLFKDSELSKKDKGVYSLFSALIHQGFFDTIQAILPIFKDKILEDKILSPRSYTLLLSSLSDMMLENSESTIQAREAIMNLIKCGNFNNHEGREEKAAVFFSNGRVPIKRALAGLIVDWQLGCTKKEEVLKVLQFAKEFCAVESFMYFKKSVVDNLKMVGRDGMRKNIDYGKLAEKLFAELDTVSVPNGRGDFGGAGDPQSTLGSTEVSSFSGRNK
WO15331,cifA,cytoplasmic incompatibility factor cifA,Type II,Wolbachia,wCon,Cylisticus convexus,Type II cifA; Wolbachia wCon of Cylisticus convexus,QPIP01000225,Wcon_02286,RDD33694.1,MPRITERHAAVLNKLQSVIEHTDSQIAAERRLAIERWVKTYIRQVKSLEGDKLQFLYNMFRDESCWSGAKLNNTSLGQRLTEESINGIENPFSRYKMACRYCVKEKIKDLFQEKFDLHKSRFSPDAVDDDGGPAASNDKYIRSDLLDSMENYDPVSSFWIDRESEELKLKEYSDIDGFREAVDLKWSEGVEYFYNRLNEQEREEEIINAVITLSTVQCNYNRATVLDFCLYKMDDPAKHELLLKLLEKDQGVYSLLNGLIRWSFLDTVQDIMKRWCYEEVSVPADKILSHHDYGLLLSSFSNVILENPELSAQARSITMDIWRCNRFNEHKKAAVFSNGRVPIKRMLAGLIVDWERGRASGDTGKKDEVLEILQFAKKYCTQEDFVSFKNYLISNLKTVGRTGMKSGVDYGKLAEGLFSELDKVPIPHSGFGDPQSMLEAPGISGSSGHSK
WO90311,cifA,cytoplasmic incompatibility factor cifA,Type II,Wolbachia,wCon,Cylisticus convexus,Type II cifA; Wolbachia wCon of Cylisticus convexus,QPIP01000225,Wcon_02285,RDD33706.1,MPRITERHAAVLNKLQSVIEHTDSQIAAERRLAIERWVKTYIRQVKSLEGDKLQFLYNMFRDESCWSGAKLNNTSLGQRLTEESINGIENPFSRYKMACRYCVKEKIKDLFQEKFDLHKSRFSPDAVDDDGGPAASNDKYIRSDLLDSMENYDPVSSFWIDRESEELKLKEYSDIDGFREAVDLKWSEGVEYFYNRLNEQEREEEIINAVITLSTVQCNYNRATVLDFCLYKMDDPAKHELLLKLLEKDQGVYSLLNGLIRWSFLDTVQDIMKRWCYEEVSVPADKILSHHDYGLLLSSFSNVILENPELSAQARSITMDIWRCNRFNEHKKAAVFSNGRVPIKRMLAGLIVDWERGRASGDTGKKDEVLEILQFAKKYCTQEDFVSFKNYLISNLKTVGRTGMKSGVDYGKLAEGLFSELDKVPIPHSGFGDPQSMLEAPGISGSSGHSK
WO48595,cifA,cytoplasmic incompatibility factor cifA,Type II,Wolbachia,wCon,Cylisticus convexus,Type II cifA; Wolbachia wCon of Cylisticus convexus,QPIP01000225,Wcon_01484,RDD34437.1,MPRITERHAAVLNKLQSVIEHTDSQIAAERRLAIERWVKTYIRQVKSLEGDKLQFLYNMFRDESCWSGAKLNNTSLGQRLTEESINGIENPFSRYKMACRYCVKEKIKDLFQEKFDLHKSRFSPDAVDDDGGPAASNDKYIRSDLLDSMENYDPVSSFWIDRESEELKLKEYSDIDGFREAVDLKWSEGVEYFYNRLNEQEREEEIINAVITLSTVQCNYNRATVLDFCLYKMDDPAKHELLLKLLEKDQGVYSLLNGLIRWSFLDTVQDIMKRWCYEEVSVPADKILSHHDYGLLLSSFSNVILENPELSAQARSITMDIWRCNRFNEHKKAAVFSNGRVPIKRMLAGLIVDWERGRASGDTGKKDEVLEILQFAKKYCTQEDFVSFKNYLISNLKTVGRTGMKSGVDYGKLAEGLFSELDKVPIPHSGFGDPQSMLEAPGISGSSGHSK
WO23303,cifA,cytoplasmic incompatibility factor cifA,Type II,Wolbachia,wCon,Cylisticus convexus,Type II cifA; Wolbachia wCon of Cylisticus convexus,QPIP01000225,Wcon_01397,RDD34510.1,MPRITERHAAVLNKLQSVIEHTDSQIAAERRLAIERWVKTYIRQVKSLEGDKLQFLYNMFRDESCWSGAKLNNTSLGQRLTEESINGIENPFSRYKMACRYCVKEKIKDLFQEKFDLHKSRFSPDAVDDDGGPAASNDKYIRSDLLDSMENYDPVSSFWIDRESEELKLKEYSDIDGFREAVDLKWSEGVEYFYNRLNEQEREEEIINAVITLSTVQCNYNRATVLDFCLYKMDDPAKHELLLKLLEKDQGVYSLLNGLIRWSFLDTVQDIMKRWCYEEVSVPADKILSHHDYGLLLSSFSNVILENPELSAQARSITMDIWRCNRFNEHKKAAVFSNGRVPIKRMLAGLIVDWERGRASGDTGKKDEVLEILQFAKKYCTQEDFVSFKNYLISNLKTVGRTGMKSGVDYGKLAEGLFSELDKVPIPHSGFGDPQSMLEAPGISGSSGHSK
WO24364,cifA,cytoplasmic incompatibility factor cifA,Type II,Wolbachia,wCon,Cylisticus convexus,Type II cifA; Wolbachia wCon of Cylisticus convexus,QPIP01000042,Wcon_01138,WP_114517505.1,MPRWTDRHATILKKLQNIIKHPDSNIAAGRRLAIEKWVKTYTGEVEYLKDDELQFLYNVFRDENCWSGTRLNTATLGRMLTEEEIDEVKNPLCKYNMACRYCMIDKIHPLFQKQLESYKSGFSSEEVDDDGRPATNNHKYVRSELLNAMNSEDPVLSFWIDKKSGEFKKHDNAVEGFNKAVEFKWSEGVEYFYRRINQEGKKKIDNMMVKAVANLSAIQANHNVATVLDFLLHEIITDPIKHKLLLELSDKGKGVMYQPLSTLVQCGFVDTVQYIVKHLSQEKVLVSEEKKILSHFGYASLLSSLSNLMLENSDIDIRIKAREVIIDLWRCNRFIEHRRTVFDTSKDMRTLGRMEQTLAMLIVDWKRNDDNQNITKKDTILDILGFVKDHYSANNFTEFKKQVVSNLRIVSRIGMGDNIDYGNLAEELFSQVKSAHLSPEGSGFSDPQTVLESAGAGVSGVSSRSYN
WO88428,cifA,cytoplasmic incompatibility factor cifA,Type II,Wolbachia,wCon,Cylisticus convexus,Type II cifA; Wolbachia wCon of Cylisticus convexus,QPIP01000037,Wcon_01040,WP_114517434.1,MPRKKVERYATILKKLQDNVRHTDSNITAGRRLTIERWVKTYMRQIEYLKDNRLEFLYNVFQDESCWSGMKLNNAMLGQKLVEEKIGEIENPFSKYNMACRYCIVDKIPQLFQEKSEFHKGRFSPDAVDSDGRPANSNNKYIRNDLLDSMESYDPVFSFWIDRESEGLKLKEYSSIEGFRGAVGLKWSEGVEYFYGRLSEKEKEKEIVSAIITLSSVQCNHNGAVILDFCLSKMNAQEKSKLLKNSELSKKDKGIYSLLSVLIRQNFFDTVQVMVPMFKNKILEDKILSPKDYALLLSSLSDKVVESPTLSTQARKIMMDLIRCGNFNSQEGKEEKAAVFFSNGIVPIKHALAGLVIDLELSSGTGSAANAKKSEILEILQFAKEFCSTTDFKNFEKSIVKNLKIVGRAGMKDDIDYDKLAEKLFYELEKEAPLLSQGGDFSGSGDPQSMLKGAGVSGFSCHRR
WO95132,cifA,cytoplasmic incompatibility factor cifA,Type II,Wolbachia,wCon,Tribolium confusum,Type II cifA; Wolbachia wCon of Tribolium confusum,JAIZNT010000009,LEM02_05825,MCA7010861.1,MPRKTDRHAAVLTKLKSVIQHADSKVAAERHLAIERWVKTYIKQIEYLEDNELQFLYSIFRDESCWSDTKLNNYILGQKLTEEKIDKIENPFCRYNMACRYCVVDKIYPLFQEQFESYKGRVSPGAVDIDGNPVDDKYIRNDLLDSMGSYDPAFSFWIDRESGTLKEYSNVDGFREVVDLKWSEGVEYFYNRLNLQEREKEIINAVTTLSTIQCNYNRATVLDFCLYKMDDPAKRELLLKLSEKDQGVYSLLNGLIRWSFLGTVRDMVKRWCYEEVSVPADKILSHHDYALLLSSLSNVMLESPESGVQARSITMDIWRCNRFNENKKAAVFSNGRVPIKRMLAGLIVDWERGCALGEGDTGKKDELLEILQFAKEYCTQEDFVNFKNYLISNLKMVGRPGMKSGVDYGKLAEELFSELDKLPIPHRGGGDFGGSGDPQSTLGSPGVSGLSGYSK
WO36968,cifA,cytoplasmic incompatibility factor cifA,Type II,Wolbachia,wFex,Formica exsecta,Type II cifA; Wolbachia wFex of Formica exsecta,RCIU01000013.1,"(113,646-115,118)",,MPKSKTKRGTEDLKGNAGPSKRSRLSSDPKKNKEIISSKVISKLKDVVKGDRTSAIEEWVKAHPVTVEGLTVEQSDLLCNAFRDESCWSGATLDVAKLVGELAKSGVLNPFAIYKIACIECVESEIKQLFDKALESFRSDLSHKGACEEDRNLACSDELARVELLSSMGRRDPVFNFWIDQESGNLRENIEAENGFNKAVDFKWSKGVEHFYNRLCSEEKLVKEGREKLLVSAIAKLSPFQSSYKLAATLNSILGKVISAKVDHKSLLGLPNKKDRGVIYRPLSCLVEHGFLYTTKYVIQYLSEGCSRSEVEKMLSPRGYAHLLSSLSFVVVSKDYDLDNRNEARSAISSLWESSVFNQNKINVVDPFKDRIAFVAMENAISNLIVDQESSKDTQSAGDGEKVDLVLSILKFAKDCCSDKSFESLKKRIANSLDKTRDSKMIGATSSSNLIEELCKSAKSLSLSSASSEGPQSTLVGTSVSISPAAVVNK*
WO09403,cifA,cytoplasmic incompatibility factor cifA,Type II,Wolbachia,GWSS-01,Homalodisca vitripennis,Type II cifA; Wolbachia GWSS-01 of Homalodisca vitripennis,JAGTUP010000001,KFE24_00760,MBR9983046.1,MPKKMERHAAVLSKLKSVIQHTDSKVMAERRSAIERWVKTYIRQVEYLKDDKLQFLYNIFRDESCWSGTRLNNTILGQRFTEEKIGEIKNPLPIYDMACRYCVIDKIPLLFQKQFESYKSSFSSEEIDDDGKPATSNNKYVKSELLGYMKSQDPVFSFWVDKKSGEFKKHVSATEGFKKAIALKWSEGVEYFYSLLNEKERERKITDAVTILSSVQCDHNGAVTLDFCLSKMSDQAKNKLFKDSELSKKDKGVYSLFSALIHQGFFDTMQAILPMFKDKILEDKILSPRSYTLLLSSLSDMMLENYESTIQAREAIMNLIKCGNFNNHEGREEKAAVFFSNGRVPIKRALAGLIVDWQLGCTKKEEVLKVLQFAKEFCAVESFMYFKKSVVDNLKMVGRDGMRKNIDYGKLAEKLFAELDTVSVPNGRGDFGGAGDPQSTLGSTEVSSFSGRNK
WO92696,cifA,cytoplasmic incompatibility factor cifA,Type II,Wolbachia,wIrr,Haematobia irritans,Type II cifA; Wolbachia wIrr of Haematobia irritans,CP037426,E0495_03240,QGT16939.1,MPRTTERHATVLNKLQSVIEHIDSKTAAERRLAIERWVKTYIRQVEYLEDDKLQFLYKMFRDESCWSDTKLNNAILGQKLTEEKIEAIDNPFCRYNMACRYCVVDKIHPLFQEQFESYKGRVSPDAVDMEGNPVNDKYIRNDLLDSMESYDPVFSFWIDRESEELKLKEYSNIGGFRKAVDFKWSQGVEYFYNLLSEQQRKEEVTNAVITLSSIQSNFNRATVLDFCLHKMDDSTKRELLVKLSEKDQGVYSLLNGLIKWSFLDTVQDMIKRLCYEEVSVPTDKILSGRDYGLLLSSLSNVILENPELSAQARSTIMGIWRCNRFSEYKKLVLFSDDKALVTPVFAAFITDWNRNKAGGDVGIKDQILEILRFAEENCSSEDLASFKDYVVNDLKMVSMPGMVRNISYSKLMGELFYEVSVSSDLRTELASPGVSGLSSHSK
WO04977,cifA,cytoplasmic incompatibility factor cifA,Type II,Wolbachia,wIrr,Haematobia irritans,Type II cifA; Wolbachia wIrr of Haematobia irritans,CP037426,E0495_03280,QGT16276.1,MPKKVSRKAERHAAIVKNLQSNIYEDRNPSITAGRRLAVERWVRTYIRHVEYLEDGELQFLYNVFRDENCWLGARLNNTMLGQKLTEEKVSEIENPFSRYDMACRYCIVDEIQKFFDEQFDSYKQGFSSGLDDDSKPVTDEYIRKELLDYMESQDPVLSFWINKDSGKFQNPQNNEECFQRALELEWSEGLDYFSHRLRQQGKDSTNLLIKTITELSGAQTKESIAAILDFCLRNIGNKNPLLDELSRKDRGVYSLFRILVRWSFFDTIQDIIPIFKDKMLEGKMLSPQDYALLLSLLSDKVIESPTLGSQARKIMMNLIKCGNFSIQEGKEEKAAVFFCGGIVPIDHALSGLIIDWVNDNETDSTRDVKKDEILEILQFAKKFCSDTDFGNFKKSIVNNLNMVSRHGMKDDVNYDKFAEKLFSELEKKVSPYSQGGDFCSSGSPKSVLGGAGVSGFSYHRK
WO89643,cifA,cytoplasmic incompatibility factor cifA,Type II,Wolbachia,WOLB1011,Megacopta cribraria,Type II cifA; Wolbachia WOLB1011 of Megacopta cribraria,CACREQ010000098,"(536 - 1,909)",,MPRKTERRTAVLDKLQSVIEHTDSKIAAERRLAIERWVKTYTGQVEYLKDDKLQFLCSIFCNEDCWSGTKLNNTILGQKLTEKSVNGIDNPFSIYKMACRYCVKEKIKDLFQEKFEFHKGRFSPDAVDDDGVPAANNDKYIRNDLLDSMEGYDNVSSSWIDRESEELKLKEYSSIDGFRRAIDLKWSEGVEYFYCRLSEEEKEREIISAVTSLSTIQCNYNRATVLDLCLHKMDGPTKRELLLKLSEKDQGVYSLLNGLISWGFLDTVQDMVKRWCYEEVSVPADKILSDHDYGLLLSSFSDVILENSELSVQARSITMDIWRCNHFNEHKKAAVFSNGRVPIKRMLAGLIVDWERGCASGDTGKKDEVLEILQFAKGYCTKENFVGFKNYLISNLKTVGRPGMKSGVDYGKLAEELFFELDKLPILHRGGSDFGGSSDPQSMLGAPGVSGLSGRSK*
WO38085,cifA,cytoplasmic incompatibility factor cifA,Type II,Wolbachia,WOLB1011,Megacopta cribraria,Type II cifA; Wolbachia WOLB1011 of Megacopta cribraria,CACREQ010000003,"(7,800 - 6,422)",,MPRKTERHATVLNKLQSVIEHTDSKIAAERHLAIERWVKTYIEQIEYLEDSEWQFLYNIFRDESCWSDTKLNNHILGQKLTEKKIDEIENPFCRYNMACRYCVVDKIYPFFQEQFESYKGRVSPGAVDMDGNPVGDKYIRSDLLESMGSYDPVFSFWINRESGTLKEYNNVDGFREAVDLKWSEGVEYFYNLLSRQEREEEAISAVTTLSTIQCNYNRATVLDFCLYKMDDPAKHELLLKLLEKNQGVYSLLNGLIRWSFLGTVRDMVKRWCYEEVSVPADKILSHHDYALLLSSLSNVMLESPESGVQARSITMDIWRCNRFNENKKAAVFSNGRVPIKRMLAGLIVDWERGCALGEGDTGKKDELLEILQFAKEYCTQEDFVNFKNYLISNLKMVGRPGMKSGVDYGKLAEELFSELDKLPIPHRGDGGSGDPQSMLGSPGVSGLSGCSK*
WO71851,cifA,cytoplasmic incompatibility factor cifA,Type II,Wolbachia,WOLB1011,Megacopta cribraria,Type II cifA; Wolbachia WOLB1011 of Megacopta cribraria,CACREQ010000014,"(4,176 - 2,794)",,MPRKKDRHAAVLNKLKSVIQHADSKVAAERRLAIERWVKTYIKQVEYLKDDKLQFLYNIFRDESCWSGTRLNNTILGQRFTEEKTGGIENPLSRYDMACRYCVIDKIQSLFQRQLESYKSSFSSKEVDDDGKPATSNNKYVKSKLLSYMKSQDPVFSFWIDKESGELKEHGNAADGFKKAIKFKWSEGVEYFYHRLNEQVKEEEITSAITTLSSVQCDHNGAVILDFCLSKMSDQAKNKLFKDSELSKKDKGVYSLLSALIHQGFFDTVQAIVPTFKDKILKDKILSPRNYALLLSSLSDMMLKSSELNTQARETMMNLVKCGDFNNHEGQEEKAAVFFSNGMVPIKRALAGLIVNWRNSKGGGDTTKENEKKSDILKVLRFAKEFCTVESFMYFKKSIVNNLKMVGRDGMEYDVNYGELAEELFAELDEMPLPSEVGDSGDPQSTLRSAEVSSFSGRNK*
WO39203,cifA,cytoplasmic incompatibility factor cifA,Type II,Wolbachia,WOLB1011,Megacopta cribraria,Type II cifA; Wolbachia WOLB1011 of Megacopta cribraria,CACREQ010000004,"(2,057 - 3,421)",,MPKKMERHAAVLSKLKSVIQHTDSKVMAERRSAIERWVKTYIRQVEYLKDDKLQFLYNIFRDESCWSGTRLNNTILGQRFTEEKIGEIKNPLPIYDMACRYCVIDKIPLLFQKQFESYKSSFSSEEIDDDGKPATSNNKYVKSELLGYMKSQDPVFSFWVDKKSGEFKKHVSATEGFKKAIELKWSEGVEYFYSLLNEKERERKITDAVTILSSVQCDHNGAVTLDFCLSKMSDQAKNKLFKDSELSKKDKGVYSLFSALIHQGFFDTMQAILPMFKDKILEDKILSPRSYTLLLSSLSDMMLENSESTIQAREAIMNLIKCGNFNNHEGREEKAAVFFSNGRVPIKRALAGLIVDWQLGCTKKEEVLKVLQFAKEFCAVESFMYFKKSVVDNLKMVGRDGMRKNIDYGKLAEKLFAELDTVSVPNGRGDFGGAGDPQSTLGSTEVSSFSGRNK*
WO94562,cifA,cytoplasmic incompatibility factor cifA,Type II,Wolbachia,wNfla,Nomada flava,Type II cifA; Wolbachia wNfla of Nomada flava,LYUW01000030,BA052_RS03315,WP_065095361.1,MPRWTDRHATILKKLQNIIKHPDSNIAAGRRLAIEKWVKTYTREVEYLKDDELQFLYNVFRDENCWSSARLNTATLGRMLTEEEIDEVKNPLCRYNMACRYCMTDKIHPLFQKQLESYKSGFSSEEVDDNGRPATNNRKYVRNELLNAMNSEDPVLSFWIDKKSGEFKKHDNAVEGFNKAVEFKWSEGVEYFYRRINQEGKEKIDNLMVKAVANLSAIQANHNVATVLDFLLHEIITDPIKHKLLLELSNKGKGVMYQPLNTLIQCGFVDTVQYVVKHLSQEKVLVSEEKKILSHCGYAFLLSSLSNLMLEDPEIDIQIKARMIIVNLWKCDLFDEHKKAVVKFSKNIDPITDVLAGLIVDWQRDNSSSNVVKKREILEILQFVKDFCSDKDFKLFKDGITNDLKTVYVSGMKDGIDYSKLAEGLFSQLGKSVHLSPEGSGFSDPQTVLESAGVSGVASRSYN
WO26107,cifA,cytoplasmic incompatibility factor cifA,Type II,Wolbachia,wNleu,Nomada leucophthalma,Type II cifA; Wolbachia wNleu of Nomada leucophthalma,LYUV01000026,BA051_RS03035,WP_065095361.1,MPRWTDRHATILKKLQNIIKHPDSNIAAGRRLAIEKWVKTYTREVEYLKDDELQFLYNVFRDENCWSSARLNTATLGRMLTEEEIDEVKNPLCRYNMACRYCMTDKIHPLFQKQLESYKSGFSSEEVDDNGRPATNNRKYVRNELLNAMNSEDPVLSFWIDKKSGEFKKHDNAVEGFNKAVEFKWSEGVEYFYRRINQEGKEKIDNLMVKAVANLSAIQANHNVATVLDFLLHEIITDPIKHKLLLELSNKGKGVMYQPLNTLIQCGFVDTVQYVVKHLSQEKVLVSEEKKILSHCGYAFLLSSLSNLMLEDPEIDIQIKARMIIVNLWKCDLFDEHKKAVVKFSKNIDPITDVLAGLIVDWQRDNSSSNVVKKREILEILQFVKDFCSDKDFKLFKDGITNDLKTVYVSGMKDGIDYSKLAEGLFSQLGKSVHLSPEGSGFSDPQTVLESAGVSGVASRSYN
WO68996,cifA,cytoplasmic incompatibility factor cifA,Type II,Wolbachia,wOneA1,Nasonia oneida,Type II cifA; Wolbachia wOneA1 of Nasonia oneida,QESS01000010,DEF52_04460,KAB2977917.1,MPRKTDRHAAILKKLQDIIKHRDPDVAAGRRLAIERWVKTYTRQVEYLKDDGLKFLYNVFQDENCWSGTRLNNATLGQKLTTEKIGEVENPFSRYNMACKYCMVDKIQPLFQEKFEFHKGRFSPDAVDGDGRPAASNNKYIRSDLLGSMESYDPVFSFWIDRESEGLKLKEYSSVEGFREAVGLRWSEGVEYFYDRLSEREREKEIIGAITTLSSVQCNYNGAVILDFCLSKMNAQGKNELLKNSELSKKDKGIYSLLSMLIRQNFFDTVQTIVPMFKNKILEDKILSPKDYALLLSSLSDKVVESPTLSTQARKIMMDLIRCGNFNSQEGKEEKAAVFFSSGIVPIKHALAGLIIDLELSSGTGSAANVKKSEILEILQFAKEFCSTTDFKNFEKSIVKNLKIVGRAGMKDDIDYDKLAEKLFYELEKEAPLPPQGGDFGSSGDPQSMLKGAGVSGFSCHRR
WO21025,cifA,cytoplasmic incompatibility factor cifA,Type II,Wolbachia,wRi,Drosophila simulans Riverside,Type II cifA; Wolbachia wRi of Drosophila simulans Riverside,CP001391 ,WRi_006720,WP_012673228.1,MPKKMERHAAVLSKLKSVIQHTDSKVMAERRSAIERWVKTYIRQVEYLKDDKLQFLYNIFRDESCWSGTRLNNTILGQRFTEEKIGEIKNPLPIYDMACRYCVIDKIPLLFQKQFESYKSSFSSEEIDDDGKPATSNNKYVKSELLGYMKSQDPVFSFWVDKKSGEFKKHVSATEGFKKAIELKWSEGVEYFYSLLNEKERERERKITDAVTILSSVQCDHNGAVTLDFCLSKMSDQAKNKLFKDSELSKKDKGVYSLFSALIHQGFFDTMQAILPMFKDKILEDKILSPRSYTLLLSSLSDMMLENSESTIQAREAIMNLIKCGNFNNHEGREEKAAVFFSNGRVPIKRALAGLIVDWQLGCTKKEEVLKVLQFAKEFCAVESFMYFKKSVVDNLKMVGRDGMRKNIDYGKLAEKLFAELDTVSVPNGRGDFGGAGDPQSTLGSTEVSSFSGRNK
WO22198,cifA,cytoplasmic incompatibility factor cifA,Type III,Wolbachia,wAlbB,Aedes albopictus,Type III cifA; Wolbachia wAlbB of Aedes albopictus,CP031221,DEJ70_07090,WP_006014162.1,MPKSKTKRGTEDLKGNAGPSKRSRLSSDPKKNKEIISSKVISKLKDVVKGDRTSAIEEWVKSHPVTVEGLTVEQSDLLCNAFRDESCWSGATLDVAKLVGELAKSGVLNPFAIYKIACIECVESEIKQLFDKALESFRSDLSHKGACEEDRNLACSDKLARVELLSSMGRRDPVFNFWIDQESGNLRENIEAEDGFNKAVDFKWSKGVEHFYNRLCSEEKLVKEEREKLLVSAIAKLSPFQSSYKLASTLNSLLGKVISAKVDHKSLLGLPNKKDRGVIYRPLSYLVEHGFLCTTKYVIQYLSEGCSRSEVEKMLSPRGYAHLLSSLSFVVVSKDYDLDNRNEARSAISSLWESSVFNQNKINVVDPFKDRIAFVAMENAISNLIVDQENSKDTQSAGDGEKVDLVLSILKFAKDCCSDKSFKSLKERIANSLDKTRNSKMIDATSSCNLIEELCKSARNLNLFSASTEGPQSTLVGTNVSISPAAVVNK
WO29992,cifA,cytoplasmic incompatibility factor cifA,Type III,Wolbachia,wCon,Tribolium confusum,Type III cifA; Wolbachia wCon of Tribolium confusum,JAIZNT010000003,LEM02_02685,MCA7010275.1,MPKSKTKRGTEDLKGNAGPSKRSRLSSDPKKNKEIISSKVISKLKDVVKGDRTSAIEEWVKAHPVTVEGLTVEQSDLLCNAFRDESCWSGATLDVAKLVGELAKSGVLNPFAIYKIACIECVESEIKQLFDKALESFRSDLSHKGACEEDRNLACSDKLARVELLSSMGRRDPVFNFWIDQESGNLRENIEAEDGFNKAVDFKWSKGVEHFYNRLCSEEKLVKEEREKLLVSAIAKLSPLQSSYKLASTLSSLLGKVISAKVDHKSLLGLPNKKDRGVIYRPLSYLVEHGFLCTTKYVIQYLSEGCSRSEVEKMLSPRGYAHLLSSLSFVVVSKDYDLDNRNEARSAISSLWESSVFNQNKINVVDPFKDRIAFVAMENAISNLIVDQENSKDTQSAGDGEKVDLVLSILKFAKDCCSDKSFKSLKERIANSLDKTRNSKMIDATSSCNLIEELCKSARNLNLFSASTEGPQSTLVGTNVSISPAAVVNK
WO96975,cifA,cytoplasmic incompatibility factor cifA,Type III,Wolbachia,WOLB0956,Homalodisca vitripennis,Type III cifA; Wolbachia WOLB0956 of Homalodisca vitripennis,CACRBX010000020,"(3,673 - 2,201)",,MESGLDHNYNKILDILKGAIKGDDNQVKARKHLRVERWLRAYIQLIEDFDEEKLIFFSDIFSDNSCWDGIKLKNKAVGERLTEEKNKNGKENPLDLADRYYLACKYCLEDKIPGLFEQVFMRFKRSAFEEDGSDDDLRRELLENIEETSPIEAFWSFLIDKQIGKLNEYKSVEGLQKSIQINSNKNWEEGIEFFYNKLHNDSSISSQDKDDLLIEAALSAVKGYKEVDTIEFCLSKMDDEQKKKLLDRDYKENTYYAVLNVLVGQYYFDSFMELIRLCSQIECERYTTFLSSLSDQVLKNPDLSEETKKCMMNVWERIIKLKTQDRGEQSISSIFVDYSVTYTIANLIVDPSRQGVSKEEILGKILKHVKEMSGEEMIKVKDSVLSKIQLFHGGKKLQLGEQVFSKLAQEASKESILREAGDTLPQSSLSTTDTPYNIKSLSHSK*
WO92205,cifA,cytoplasmic incompatibility factor cifA,Type III,Wolbachia,wMau,Drosophila mauritiana,Type III cifA; Wolbachia wMau of Drosophila mauritiana,CP034334,EJA99_04575,QCB62831.1,MPKSKTKRGTEDLKGNAGPSKRSRLSSDPKKNKEIISSKVISKLKDVVKGDRTSAIEEWVKAHPVTVEGLIVEQSDLLCNAFRDESCWSGATLDVAKLVGELAKSGVLNPFAIYKIACIECVESEIKQLFDKALESFRSDLSHKGACEEDRNLACSDKLARVELLSSMGRRDPVFNFWIDQESGNLRENIEAEDGFNKAVDFKWSKGVEHFYNRLCSEEKLVKEEREKLLVSAIAKLSPLQSSYKLASTLNSLLGKVISAKVDHKSLLGLPNKRDRGVIYRPLSYLVEHGFLCTTKYVIQYLSEGCSRSEVEKMLSPRGYAHLLSSLSFVVVSKDYDLDNRNEARSAISSLWESSVFNQNKINVVDPFKDRIAFVAMENAISNLIVDQENSKDTQSDGDGEKVDLVLSILKFAKDCCSDKSFKSLKARIANSLDKTRNSKMIDATSSCNLIEELCKSARNLNLFSASTEGPQSTLVGTNVSISPAAVVNK
WO52171,cifA,cytoplasmic incompatibility factor cifA,Type III,Wolbachia,wMeg,Chrysomya megacephala,Type III cifA; Wolbachia wMeg of Chrysomya megacephala,CP021120,CAI20_01650,QEK89439.1,MPKSKTKRGTEDLKGNAGPSKRSRLSSDPKKNKEIISSKVISKLKDVVKGDRTSAIEEWVKSHPVTVEGLTVEQSDLLCNAFRDESCWSGATLDVAKLVGELAKSGVLNPFAIYKIACIECVESEIKQLFDKALESFRSDLSHKGACEEDRNLACSDKLARVELLSSMGRRDPVFNFWIDQESGNLRENIEAEDGFNKAVDFKWSKGVEHFYNRLCSEEKLVKEEREKLLVSAIAKLSPLQSSYKLASTLNSLLGKVISAKVDHKSLLGLPNKKDRGVIYRPLSYLVEHGFLCTTKYVIQYLSEGCSRSEVEKMLSPRGYAHLLSSLSFVVVSKDYDLDNRNEARSAISSLWESSVFNQNKINVVDPFKDRIAFVAMENAISNLIVDQENSKDTQSAGDGEKVDLVLSILKFAKDCCSDKSFKSLKERIANSLDKTRNSKMIDATSSCNLIEELCKSARNLNLFSASTEGPQSTLVGTNVSISPAAVVNK
WO05978,cifA,cytoplasmic incompatibility factor cifA,Type III,Wolbachia,wNo,Drosophila simulans,Type III cifA; Wolbachia wNo of Drosophila simulans,CP003883,wNo_01990,WP_015587806.1,MPKSKTKRGTEDLKGNAGPSKRSRLSSDPKKNKEIISSKVISKLKDVVKGDRTSAIEEWVKAHPVTVEGLIVEQSDLLCNAFRDESCWSGATLDVAKLVGELAKSGVLNPFAIYKIACIECVESEIKQLFDKALESFRSDLSHKGACEEDRNLACSDKLARVELLSSMGRRDPVFNFWIDQESGNLRENIEAEDGFNKAVDFKWSKGVEHFYNRLCSEEKLVKEEREKLLVSAIAKLSPLQSSYKLASTLNSLLGKVISAKVDHKSLLGLPNKRDRGVIYRPLSYLVEHGFLCTTKYVIQYLSEGCSRSEVEKMLSPRGYAHLLSSLSFVVVSKDYDLDNRNEARSAISSLWESSVFNQNKINVVDPFKDRIAFVAMENAISNLIVDQENSKDTQSAGDGEKVDLVLSILKFAKDCCSDKSFKSLKARIANSLDKTRNSKMIDATSSCNLIEELCKSARNLNLFSASTEGPQSTLVGTNVSISPAAVVNK
WO77607,cifA,cytoplasmic incompatibility factor cifA,Type III,Wolbachia,wNfla,Nomada flava,Type III cifA; Wolbachia wNfla of Nomada flava,LYUW01000001,BA052_RS00025,WP_065094361.1,MPKSKTKRGTEDLKGNAGPSKRSRLSSDSEEDKEIISSKVISKLKDVVKGDRTSAIEEWVKAHPVTVEGLTVEQSDLLCNAFRDESCWSGIELNPARLVKELARLDILDPFAIYEIACIECVKSEIRQLFNKMLESFKLDLCHKGASKENRELAANDKLARVELLRFVEKDDHVFSFWIDEKSGDLKENIEAEDGFNKAVDFKWSKGVEHFYNLLCSEKKLGKEGREKLLVSAIAKLSPFQSGYKLAATLNSLLGKVISAKVDHKSLLGLPNKKDRGVIYRPLSCLVEHGFLCTTKYVIQYLSEGCSRSEVEKMLSPRGYAHLLSSLSFVVVSKDYDLDNRNEARSAISSLWRSSVFNQNKINVVDSFKDRIAFVAMENAISNLIVDQENSKNTQSAGDGEKVDLVLSILKFAKDCCSDKSFKSLKERIANSLDKTRNSKMIDATSSCNLIEELCKSARNLNLSSASTEVPQSTLAGTSVSGSPVVVINK
WO39241,cifA,cytoplasmic incompatibility factor cifA,Type III,Wolbachia,wNfe,Nomada ferruginata,Type III cifA; Wolbachia wNfe of Nomada ferruginata,LYUY01000026,BA053_RS02470,WP_065094361.1,MPKSKTKRGTEDLKGNAGPSKRSRLSSDSEEDKEIISSKVISKLKDVVKGDRTSAIEEWVKAHPVTVEGLTVEQSDLLCNAFRDESCWSGIELNPARLVKELARLDILDPFAIYEIACIECVKSEIRQLFNKMLESFKLDLCHKGASKENRELAANDKLARVELLRFVEKDDHVFSFWIDEKSGDLKENIEAEDGFNKAVDFKWSKGVEHFYNLLCSEKKLGKEGREKLLVSAIAKLSPFQSGYKLAATLNSLLGKVISAKVDHKSLLGLPNKKDRGVIYRPLSCLVEHGFLCTTKYVIQYLSEGCSRSEVEKMLSPRGYAHLLSSLSFVVVSKDYDLDNRNEARSAISSLWRSSVFNQNKINVVDSFKDRIAFVAMENAISNLIVDQENSKNTQSAGDGEKVDLVLSILKFAKDCCSDKSFKSLKERIANSLDKTRNSKMIDATSSCNLIEELCKSARNLNLSSASTEVPQSTLAGTSVSGSPVVVINK
WO78305,cifA,cytoplasmic incompatibility factor cifA,Type III,Wolbachia,wNleu,Nomada leucophthalma,Type III cifA; Wolbachia wNleu of Nomada leucophthalma,LYUV01000003,BA051_RS00680,WP_065094361.1,MPKSKTKRGTEDLKGNAGPSKRSRLSSDSEEDKEIISSKVISKLKDVVKGDRTSAIEEWVKAHPVTVEGLTVEQSDLLCNAFRDESCWSGIELNPARLVKELARLDILDPFAIYEIACIECVKSEIRQLFNKMLESFKLDLCHKGASKENRELAANDKLARVELLRFVEKDDHVFSFWIDEKSGDLKENIEAEDGFNKAVDFKWSKGVEHFYNLLCSEKKLGKEGREKLLVSAIAKLSPFQSGYKLAATLNSLLGKVISAKVDHKSLLGLPNKKDRGVIYRPLSCLVEHGFLCTTKYVIQYLSEGCSRSEVEKMLSPRGYAHLLSSLSFVVVSKDYDLDNRNEARSAISSLWRSSVFNQNKINVVDSFKDRIAFVAMENAISNLIVDQENSKNTQSAGDGEKVDLVLSILKFAKDCCSDKSFKSLKERIANSLDKTRNSKMIDATSSCNLIEELCKSARNLNLSSASTEVPQSTLAGTSVSGSPVVVINK
WO23877,cifA,cytoplasmic incompatibility factor cifA,Type III,Wolbachia,wNpa,Nomada panzeri,Type III cifA; Wolbachia wNpa of Nomada panzeri,LYUX01000001,BA050_RS00215,WP_065094361.1,MPKSKTKRGTEDLKGNAGPSKRSRLSSDSEEDKEIISSKVISKLKDVVKGDRTSAIEEWVKAHPVTVEGLTVEQSDLLCNAFRDESCWSGIELNPARLVKELARLDILDPFAIYEIACIECVKSEIRQLFNKMLESFKLDLCHKGASKENRELAANDKLARVELLRFVEKDDHVFSFWIDEKSGDLKENIEAEDGFNKAVDFKWSKGVEHFYNLLCSEKKLGKEGREKLLVSAIAKLSPFQSGYKLAATLNSLLGKVISAKVDHKSLLGLPNKKDRGVIYRPLSCLVEHGFLCTTKYVIQYLSEGCSRSEVEKMLSPRGYAHLLSSLSFVVVSKDYDLDNRNEARSAISSLWRSSVFNQNKINVVDSFKDRIAFVAMENAISNLIVDQENSKNTQSAGDGEKVDLVLSILKFAKDCCSDKSFKSLKERIANSLDKTRNSKMIDATSSCNLIEELCKSARNLNLSSASTEVPQSTLAGTSVSGSPVVVINK
WO27894,cifA,cytoplasmic incompatibility factor cifA,Type III,Wolbachia,wOrie,Drosophila orientacea,Type III cifA; Wolbachia wOrie of Drosophila orientacea,JAATLF010000008,HCR16_02575,MBA8770021.1,MPKSKTKRGTEDLKGNAGPSKRSRLSSDSEEDKEIISSKVISKLKDVVKGDRTSAIEEWVKAHPVTVEGLTVEQSDLLCNAFRDESCWSGIELNPARLVKELARLDVLDPFAIYEIACIECVKSEIRQLFNKMLESFKLDLCHKDASKENRELAANDKLARVELLRFVEKDDHVFSFWIDEKSGDLKENIEAEDGFNKAVDFKWSKGVEHFYNLLCSEKKLGKEGREKLLVSAIAKLSPFQSSYKLAATLNSLLGKVISAKVDHKSLLGLPNKKDRGVIYRPLSCLVEQGFLCTTKYVIQYLSEGCSRSEVEKMLSPRGYAHLLSSLSFVVVSKDYDLGNRNEARSAISSLWRSSVFNQNKINVVDSFKDRIAFVAMENAISNLIVDQENSKDTQSAGDGEKVDLVLSILKFTKDCCSDKSFKSLKERIANSLDKTRNSKMIDATSSCNLIEELCKSARNLNLSSASTEVPQSTLAGTSVSGSPIVVINK
WO93703,cifA,cytoplasmic incompatibility factor cifA,Type III,Wolbachia,wUni,Muscidifurax uniraptor,Type III cifA; Wolbachia wUni of Muscidifurax uniraptor,MUJL01000058,N500_0598,WP_077190377.1,MPKSKTKRGTEDLKGNAGPSKRSRLSSDPKKNKEIISSKVISKLKDVVKGDRTSAIEEWVKAHPVTVEGLTVEQSDLLCNAFRDESCWSGATLDVAKLVGELAKSGVLNPFAIYKIACIECVESEIKQLLDKALESFRSDLSHKGACEEDRNLACSDKLARVELLSSMGRRDPVFNFWIDQESGNLRENIEAEDGFNKAVDFKWSKGVEHFYNRLCSEEKLVKEEREKLLVSAIAKLSPLQSSYKLASTLSSLLGKVISAKVDHKSLLGLPNKKDRGVIYRPLSYLVEHGFLCTTKYVIQYLSEGCSRSEVEKMLSPRGYAHLLSSLSFVVVSKDYDLDNRNEARSAISSLWESSVFNQNKINVVDPFKDRIAFVAMENAISNLIVDQENSKDTQSAGDGEKVDLVLSILKFAKDCCSDKSFKSLKERIANSLDKTRNSKMIDATSSCNLIEELCKSARNLNLFSASTEGPQSTLVGTNVSISPAAVVNK
WO39022,cifA,cytoplasmic incompatibility factor cifA,Type III,Wolbachia,wVitA,Nasonia vitripennis,Type III cifA; Wolbachia wVitA of Nasonia vitripennis,MUJM01000047,N499_0484,WP_077188281.1,MPKSKTKRGTEDLKGNAGPSKRSRLSSDPKKNKEIISSKVISKLKDVVKGDRTSAIEEWVKAHPVTVEGLTVEQSDLLCNAFRDESCWSGATLDVAKLVGELAKSGVLNPFAIYKIACIECVESEIKQLFDKALESFRSDLSHKGACEEDRNLACSDKLARVELLSSMGRRDPVFNFWIDQESGNLRENIEAEDGFNKAVDFKWSKGVEHFYNRLCSEEKLVKEEREKLLVSAIAKLSPLQSSYKLASTLSSLLGKVISAKVDHKSLLGLPNKKDRGVIYRPLSYLVEHGFLCTTKYVIQYLSEGCSRSEVEKMLSPRGYAHLLSSLSFVVVSKDYDLDNRNEARSAISSLWESSVFNQNKINVVDPFKDRIAFVAMENAISNLIVDQENSKDTQSAGDGEKVDLVLSILKFAKDCCSDKSFKSLKERIANSLDKTRNSKMIDATSSCNLIEELCKSARNLNLFSASTEGPQSTLVGTNVSISPAAVVNK
WO52959,cifA,cytoplasmic incompatibility factor cifA,Type IV,Wolbachia,wAlbB,Aedes albopictus,Type IV cifA; Wolbachia wAlbB of Aedes albopictus,CP031221,DEJ70_02760,WP_006012794.1,MESGLDHNYNKILDILKGGIKDDDNQVKARKHLRVERWLRVYIQLIEDFDEGKLKFFSDIFSDNSCWDGIKLKNKAFGERLTEEKNKNGKENPLDLADRYYLACKYCLEDKVPGLFEQVFMRFKRSAFEEDGSDDDLRRELLENIEETSPIEAFWSFLIDKQIGKLNEYKSVEGLQKSIQINSNKNWEEGIEFFYNKLHNDSSISSQDKNNLLIEAALSAVKGYKEVDTIEFCLSKMDDEQKKKLLNRDYKENTYYAVLNVLVGQYYFDSFMELSRLCSQIECERYTTFLSSLSDQVLKNPDLSEETKKCMMNVWERIIKLKTQDRGEQSISSIFVDYSVTYTIANLIVDPSRQGVSKEEILGKILKHVKEMSSEEMIKVKDSVLSKIQLFHGGKKLQLGEQVFSKLAQEASKESILREAGDTLPQSSLSTTDTPYNIKSLGHSK
WO62254,cifA,cytoplasmic incompatibility factor cifA,Type IV,Wolbachia,wAus,Plutella australiana,Type IV cifA; Wolbachia wAus of Plutella australiana,MRWX01000046,BTO27_04535,WP_096097233.1,MESGLDHNYNKILDILKGAIKGDDNQVKARKHLRVERWLRAYIQLIEDFDEEKLIFFSDIFSDNSCWDGIKLKNKAVGERLTEEKNKNGKENPLDLADRYYLACKYCLEDKIPGLFEQVFMRFKRSAFEEDGSDDDLRRELLENIEETSPIEAFWSFLIDKQIGKLNEYKSVEGLQKSIQINSNKNWEEGIEFFYNKLHNDSSISSQDKDDLLIEAALSAVKGYKEVDTIEFCLSKMDDEQKKKLLDRDYKENTYYAVLNVLVGQYYFDSFMELIRLCSQIECERYTTFLSSLSDQVLKNPDLSEETKKCMMNVWERIIKLKTQDRGEQSISSIFVDYSVTYTIANLIVDPSRQGVSKEEILGKILKHVKEMSGEEMIKVKDSVLSKIQLFHGGKKLQLGEQVFSKLAQEASKESILREAGDTLPQSSLSTTDTPYNIKSLSHSK
WO78826,cifA,cytoplasmic incompatibility factor cifA,Type IV,Wolbachia,SYLI2103,Corcyra cephalonica,Type IV cifA; Wolbachia SYLI2103 of Corcyra cephalonica,CP087954,LOK48_02045,UFO00743.1,MESGLDHNYNKILDILKGAIKGDDNQVKARKHLRVERWLRAYIQLIEDFDEEKLIFFSDIFSDNSCWDGIKLKNKAVGERLTEEKNKNGKENPLDLADRYYLACKYCLEDKIPGLFEQVFMRFKRSAFEEDGSDDDLRRELLENIEETSPIEAFWSFLIDKQIGKLNEYKSVEGLQKSIQINSNKNWEEGIEFFYNKLHNDSSISSQDKDDLLIEAALSAVKGYKEVDTIEFCLSKMDDEQKKKLLDRDYKENTYYAVLNVLVGQYYFDSFMELIRLCSQIECERYTTFLSSLSDQVLKNPDLSEETKKCMMNVWERIIKLKTQDRGEQSISSIFVDYSVTYTIANLIVDPSRQGVSKEEILGKILKHVKEMSGEEMIKVKDSVLSKIQLFHGGKKLQLGEQVFSKLAQEASKESILREAGDTLPQSSLSTTDTPYNIKSLSHSK
WO99317,cifA,cytoplasmic incompatibility factor cifA,Type IV,Wolbachia,wBol1-b,Hypolimnas bolina,Type IV cifA; Wolbachia wBol1-b of Hypolimnas bolina,CAOH01000037,WBOL1_RS01705,WP_019236479.1,MESGLDHNYNKILDILKGAIKGDDNQVKARKHLRVERWLRVYIQLIEDFDEGKLKFFSDIFSDNSCWDGIKLKNKAVGERLTEEKNKNGKENPLDLADRYYLACKYCLEDKIPGLFEQVFMRFKRSAFEEDGSDDDLRRELLENIEETSPIEAFWSFLIDKQIGKLNEYKSVEGLQKSIQINSNKNWEEGIEFFYNKLHNDSSISSQDKNNLLIEAALSAVKGYKEVDTIEFCLSKMDDEQKKKLLNRDYKENTYYAVLNVLVGQYYFDSFMELSRLCSQIECERYTTFLSSLSDQVLKNPDLSEETKKCMMNVWERIIKLKTQDRGEQSISSIFVDYSVTYTIANLIVDPSRQGVSKEEILGKILKHVKEMSGEEMIKVKDSVLSKIQLFHGGKKLQLGEQVFSKLAQEASKESILREAGDTLPQSSLGTTDTPYNIKSLGHSK
WO39573,cifA,cytoplasmic incompatibility factor cifA,Type IV,Wolbachia,wCer5,Rhagoletis cerasi,Type IV cifA; Wolbachia wCer5 of Rhagoletis cerasi,JADCNE010000009,INQ21_01080,MBS9531159.1,MESGLDHNYNKILDILKGAIKGDDNQVKARKHLRVERWLRAYIQLIEDFDEEKLIFFSDIFSDNSCWDGIKLKNKAVGERLTEEKNKNGKENPLDLADRYYLACKYCLEDKIPGLFEQVFMRFKRSAFEEDGSDDDLRRELLENIEETSPIEAFWSFLIDKQIGKLNEYKSVEGLQKSIQINSNKNWEEGIEFFYNKLHNDSSISSQDKDDLLIEAALSAVKGYKEVDTIEFCLSKMDDEQKKKLLDRDYKENTYYAVLNVLVGQYYFDSFMELIRLCSQIECERYTTFLSSLSDQVLKNPDLSEETKKCMMNVWERIIKLKTQDRGEQSISSIFVDYSVTYTIANLIVDPSRQGVSKEEILGKILKHVKEMSGEEMIKVKDSVLSKIQLFHGGKKLQLGEQVFSKLAQEASKESILREAGDTLPQSSLSTTDTPYNIKSLSHSK
WO29152,cifA,cytoplasmic incompatibility factor cifA,Type IV,Wolbachia,wMeg,Chrysomya megacephala,Type IV cifA; Wolbachia wMeg of Chrysomya megacephala,CP021120,CAI20_05360,QEK90054.1,MESGLDHNYNKILDILKGAIKGDDNQVKARKHLRVERWLRAYIQLIEDFDEEKLIFFSDIFSDNSCWDGIKLKNKAVGERLTEEKNKNGKENPLDLADRYYLACKYCLEDKIPGLFEQVFMRFKRSAFEEDGSDDDLRRELLENIEETSPIEAFWSFLIDKQIGKLNEYKSVEGLQKSIQINSNKNWEEGIEFFYNKLHNDSSISSQDKDDLLIEAALSAVKGYKEVDTIEFCLSKMDDEQKKKLLDRGYKENTYYAVLNVLVGQYYFDSFMELIRLCSQIECERYTTFLSSLSDQVLKNPDLSEETKKCMMNVWERIIKLKTQDRGEQSISSIFVDYSVTYTIANLIVDPSRQGVSKEEILGKILKHVKEMSGEEMIKVKDSVLSKIQLFHGGKKLQLGEQVFSKLAQEASKESILREAGDTLPQSSLSTTDTPYNIKSLSHSK
WO60452,cifA,cytoplasmic incompatibility factor cifA,Type IV,Wolbachia,wMeg,Chrysomya megacephala,Type IV cifA; Wolbachia wMeg of Chrysomya megacephala,CP021120,CAI20_05540,QEK90083.1,MESGLDHNYNKILDILKGAIKGDDNQVKARKHLRVERWLRAYIQLIEDFDEEKLIFFSDIFSDNSCWDGIKLKNKAVGERLTEEKNKNGKENPLDLADRYYLACKYCLEDKIPGLFEQVFMRFKRSAFEEDGSDDDLRRELLENIEETSPIEAFWSFLIDKQIGKLNEYKSVEGLQKSIQINSNKNWEEGIEFFYNKLHNDSSISSQDKDDLLIEAALSAVKGYKEVDTIEFCLSKMDDEQKKKLLDRGYKENTYYAVLNVLVGQYYFDSFMELIRLCSQIECERYTTFLSSLSDQVLKNPDLSEETKKCMMNVWERIIKLKTQDRGEQSISSIFVDYSVTYTIANLIVDPSRQGVSKEEILGKILKHVKEMSGEEMIKVKDSVLSKIQLFHGGKKLQLGEQVFSKLAQEASKESILREAGDTLPQSSLSTTDTPYNIKSLSHSK
WO41446,cifA,cytoplasmic incompatibility factor cifA,Type IV,Wolbachia,wMeg,Chrysomya megacephala,Type IV cifA; Wolbachia wMeg of Chrysomya megacephala,CP021120,CAI20_05665,QEK90104.1,MESGLDHNYNKILDILKGAIKGDDNQVKARKHLRVERWLRAYIQLIEDFDEEKLIFFSDIFSDNSCWDGIKLKNKAVGERLTEEKNKNGKENPLDLADRYYLACKYCLEDKIPGLFEQVFMRFKRSAFEEDGSDDDLRRELLENIEETSPIEAFWSFLIDKQIGKLNEYKSVEGLQKSIQINSNKNWEEGIEFFYNKLHNDSSISSQDKDDLLIEAALSAVKGYKEVDTIEFCLSKMDDEQKKKLLDRGYKENTYYAVLNVLVGQYYFDSFMELIRLCSQIECERYTTFLSSLSDQVLKNPDLSEETKKCMMNVWERIIKLKTQDRGEQSISSIFVDYSVTYTIANLIVDPSRQGVSKEEILGKILKHVKEMSGEEMIKVKDSVLSKIQLFHGGKKLQLGEQVFSKLAQEASKESILREAGDTLPQSSLSTTDTPYNIKSLSHSK
WO07145,cifA,cytoplasmic incompatibility factor cifA,Type IV,Wolbachia,wMeg,Chrysomya megacephala,Type IV cifA; Wolbachia wMeg of Chrysomya megacephala,CP021120,CAI20_05710,QEK90110.1,MESGLDHNYNKILDILKGAIKGDDNQVKARKHLRVERWLRAYIQLIEDFDEEKLIFFSDIFSDNSCWDGIKLKNKAVGERLTEEKNKNGKENPLDLADRYYLACKYCLEDKIPGLFEQVFMRFKRSAFEEDGSDDDLRRELLENIEETSPIEAFWSFLIDKQIGKLNEYKSVEGLQKSIQINSNKNWEEGIEFFYNKLHNDSSISSQDKDDLLIEAALSAVKGYKEVDTIEFCLSKMDDEQKKKLLDRGYKENTYYAVLNVLVGQYYFDSFMELIRLCSQIECERYTTFLSSLSDQVLKNPDLSEETKKCMMNVWERIIKLKTQDRGEQSISSIFVDYSVTYTIANLIVDPSRQGVSKEEILGKILKHVKEMSGEEMIKVKDSVLSKIQLFHGGKKLQLGEQVFSKLAQEASKESILREAGDTLPQSSLSTTDTPYNIKSLSHSK
WO35927,cifA,cytoplasmic incompatibility factor cifA,Type IV,Wolbachia,wNfla,Nomada flava,Type IV cifA; Wolbachia wNfla of Nomada flava,LYUW01000030,BA052_RS03270,WP_065095352.1,MESSLDHNYNKILDTLKGTIKDDDNQVKARKHLRVERWLRVYIQLIEDFDEGKLKFFSDIFSDNSCWDGIKLKNKAVGERLTEEKNKNGKESPLDLADRYYLACKYCLEDKIPGLFEQVFMRFKRSAFEEDGSDDDLRRELLENIEETSPIEAFWSFLIDKQIGKLNEYKSVEGLQKSIQINSNKNWAEGIEFFYNKLHNDSSISSQDKDNLLIEAALSAVKGYKEVDTLEFCLSKMDDEQKKKLLDRDYKENTYHAVFNVLINQYYFDSFMELNKLSSQFECERYTTFLSSLSDQVLKNPDLSEETKKCMMNVWERIIRFNQGRGDRTIFSIFKDYSVTYIIANLIVDPSRQEVSKEGILGKILKHVNNKEMSGEEVIKVKDSVLSKIQLFHGGKKLQLGEQVFSKLAKEASKESILCEAGDTLPQSSLGTTDTPHNIKSLGHSK
WO47474,cifA,cytoplasmic incompatibility factor cifA,Type IV,Wolbachia,wNleu,Nomada leucophthalma,Type IV cifA; Wolbachia wNleu of Nomada leucophthalma,LYUV01000026,BA051_RS02990,WP_065095352.1,MESSLDHNYNKILDTLKGTIKDDDNQVKARKHLRVERWLRVYIQLIEDFDEGKLKFFSDIFSDNSCWDGIKLKNKAVGERLTEEKNKNGKESPLDLADRYYLACKYCLEDKIPGLFEQVFMRFKRSAFEEDGSDDDLRRELLENIEETSPIEAFWSFLIDKQIGKLNEYKSVEGLQKSIQINSNKNWAEGIEFFYNKLHNDSSISSQDKDNLLIEAALSAVKGYKEVDTLEFCLSKMDDEQKKKLLDRDYKENTYHAVFNVLINQYYFDSFMELNKLSSQFECERYTTFLSSLSDQVLKNPDLSEETKKCMMNVWERIIRFNQGRGDRTIFSIFKDYSVTYIIANLIVDPSRQEVSKEGILGKILKHVNNKEMSGEEVIKVKDSVLSKIQLFHGGKKLQLGEQVFSKLAKEASKESILCEAGDTLPQSSLGTTDTPHNIKSLGHSK
WO66363,cifA,cytoplasmic incompatibility factor cifA,Type IV,Wolbachia,wNfla,Nomada flava,Type IV cifA; Wolbachia wNfla of Nomada flava,LYUW01000092,BA052_RS05845,WP_065095437.1,MESGLDHNYNKILDILKGAIKGDDNQVKARKHLRVERWLRVYIQLIEDFDEGKLKFFSDIFSDNSCWDGVRLKNEIVGERLTEEKNKNGKENPLNISKRYYLACKYCLEGEIPRLFEQVFIKFKNSAFEEDVSDDELKDELLDHHKESSPIKAFWSSLINKQIGKLNEYTTVEGLKEAIRVNSRKNWEEGIEYFYNKLHRDPNISSQDKDDLLIEAALSAVKGYKEVDTIEFCLSKMDDEQKKKLLDRDYKENTYYAVLNVLVGQYYFDSFMELSRLCSQIECERYTTFLSSLSDQVLKNPDLSEETKKCMMNVWERIIKLKTQDRGEQSISSIFVDYSVTYTIANLIVDPSRQGVSKEEILGKILKHVKEMSGEEMIKVKDSVLSKIQLFHGGKKLQLGEQVFSKLAQEASKESILREAGDTLPQSSLSTTDTPYNIKSLGHSK
WO52109,cifA,cytoplasmic incompatibility factor cifA,Type IV,Wolbachia,wNpa,Nomada panzeri,Type IV cifA; Wolbachia wNpa of Nomada panzeri,LYUX01000099,BA050_RS05800,WP_065095168.1,MESGLDHNYNKILDILKGAIKGDDNQVKARKHLRVERWLRVYIQLIEDFDEGKLKFFSDIFSDNSCWDGVRLKNEIVGERLTEEKNKNGKENPLNISKRYYLACKYCLEGEIPRLFEQVFIKFKNSAFEEDVSDDELKDELLDHHKESSPIKAFWSSLISKQIGKLNEYTTVEGLKEAIRVNSRKNWEKGIEYFYNKLHRDPNISSQDKDDLLIEAALSAVKGYKEVDTIEFCLSKMDDEQKKKLLDRDYKENTYYAVLNVLVGQYYFDSFMELSRLCSQIECERYTTFLSSLSDQVLKNPDLSEETKKCMMNVWERIIKLKTQDRGEQSISSIFVDYSVTYTIANLIVDPSRQGVSKEEILGKILKHVKEMSGEEMIKVKDSVLSKIQLFHGGKKLQLGEQVFSKLAQEASKESILREAGDTLPQSSLSTTDTPYNIKSLGHSK
WO33648,cifA,cytoplasmic incompatibility factor cifA,Type IV,Wolbachia,wNfe,Nomada ferruginata,Type IV cifA; Wolbachia wNfe of Nomada ferruginata,LYUY01000095,BA053_RS05245,WP_065095437.1,MESGLDHNYNKILDILKGAIKGDDNQVKARKHLRVERWLRVYIQLIEDFDEGKLKFFSDIFSDNSCWDGVRLKNEIVGERLTEEKNKNGKENPLNISKRYYLACKYCLEGEIPRLFEQVFIKFKNSAFEEDVSDDELKDELLDHHKESSPIKAFWSSLINKQIGKLNEYTTVEGLKEAIRVNSRKNWEEGIEYFYNKLHRDPNISSQDKDDLLIEAALSAVKGYKEVDTIEFCLSKMDDEQKKKLLDRDYKENTYYAVLNVLVGQYYFDSFMELSRLCSQIECERYTTFLSSLSDQVLKNPDLSEETKKCMMNVWERIIKLKTQDRGEQSISSIFVDYSVTYTIANLIVDPSRQGVSKEEILGKILKHVKEMSGEEMIKVKDSVLSKIQLFHGGKKLQLGEQVFSKLAQEASKESILREAGDTLPQSSLSTTDTPYNIKSLGHSK
WO47834,cifA,cytoplasmic incompatibility factor cifA,Type IV,Wolbachia,wNleu,Nomada leucophthalma,Type IV cifA; Wolbachia wNleu of Nomada leucophthalma,LYUV01000104,BA051_RS06120,WP_065095437.1,MESGLDHNYNKILDILKGAIKGDDNQVKARKHLRVERWLRVYIQLIEDFDEGKLKFFSDIFSDNSCWDGVRLKNEIVGERLTEEKNKNGKENPLNISKRYYLACKYCLEGEIPRLFEQVFIKFKNSAFEEDVSDDELKDELLDHHKESSPIKAFWSSLINKQIGKLNEYTTVEGLKEAIRVNSRKNWEEGIEYFYNKLHRDPNISSQDKDDLLIEAALSAVKGYKEVDTIEFCLSKMDDEQKKKLLDRDYKENTYYAVLNVLVGQYYFDSFMELSRLCSQIECERYTTFLSSLSDQVLKNPDLSEETKKCMMNVWERIIKLKTQDRGEQSISSIFVDYSVTYTIANLIVDPSRQGVSKEEILGKILKHVKEMSGEEMIKVKDSVLSKIQLFHGGKKLQLGEQVFSKLAQEASKESILREAGDTLPQSSLSTTDTPYNIKSLGHSK
WO14278,cifA,cytoplasmic incompatibility factor cifA,Type IV,Wolbachia,wOrie,Drosophila orientacea,Type IV cifA; Wolbachia wOrie of Drosophila orientacea,JAATLF010000011,HCR16_03855,MBA8770243.1,MESSLDHNYNKILDTLKGTIKDDDNQVKARKHLRVERWLRVYIQLIEDFDEEKLKFFSDIFSDDFCWEGTGLKNEVVGERLTEEKNKNGKENPLNISKRYYLACKYCLEGKIPKLFEQVFIKFKNSAFEEDISDDELKDELLDHHRESSPIKAFWSSLIDKQTGKLNEYTTVEALKEAIQVNSCKNWAEGIEFFYNKLHNDSSISSQDKDNLLIEAALSAVKGYKEVDTLEFCLSKMDDEQKKKLLDRDYKENTYHAVFNVLINQYYFDSFMELNKLSSQFECERYTTFLSSLSDQVLKNPDLSEETKKCMMNVWERIIRFNQGRGDQPIFPIFKDYSVTYTIANLIVDPSRQEVSKEGILGKILKHVNNKEMSGEEMIKVKDSVLSKIQLFHGGKKLQLGEQVFSKLAQEASKESILREAGDTLPQSSLSTTDTPYNIKSLGHRK
WO83418,cifA,cytoplasmic incompatibility factor cifA,Type IV,Wolbachia,WOLB0054,Polygonia c-album,Type IV cifA; Wolbachia WOLB0054 of Polygonia c-album,CACPTH010000069,"(731 - 2,068)",,MESGLDHNYNKILDILKGAIKGDDNQVKARKHLRVERWLRAYIQLIEDFDEEKLIFFSDIFSDNSCWDGIKLKNKAVGERLTEEKNKNGKENPLDLADRYYLACKYCLEDKIPGLFEQVFMRFKRSAFEEDGSDDDLRRELLENIEETSPIEAFWSFLIDKQIGKLNEYKSVEGLQKSIQINSNKNWEEGIEFFYNKLHNDSSISSQDKDDLLIEAALSAVKGYKEVDTIEFCLSKMDDEQKKKLLDRDYKENTYYAVLNVLVGQYYFDSFMELIRLCSQIECERYTTFLSSLSDQVLKNPDLSEETKKCMMNVWERIIKLKTQDRGEQSISSIFVDYSVTYTIANLIVDPSRQGVSKEEILGKILKHVKEMSGEEMIKVKDSVLSKIQLFHGGKKLQLGEQVFSKLAQEASKESILREAGDTLPQSSLSTTDTPYNIKSLSHSK*
WO80284,cifA,cytoplasmic incompatibility factor cifA,Type IV,Wolbachia,wPip,Culex quinquefasciatus Pel,Type IV cifA; Wolbachia wPip of Culex quinquefasciatus Pel,AM999887,WP0294,WP_007302980.1,MESGLDHNYNKILDILKGAIKGDDNQVKARKHLRVERWLRAYIQLIEDFDEEKLIFFSDIFSDNSCWDGIKLKNKAVGERLTEEKNKNGKENPLDLADRYYLACKYCLEDKIPGLFEQVFMRFKRSAFEEDGSDDDLRRELLENIEETSPIEAFWSFLIDKQIGKLNEYKSVEGLQKSIQINSNKNWEEGIEFFYNKLHNDSSISSQDKDDLLIEAALSAVKGYKEVDTIEFCLSKMDDEQKKKLLDRDYKENTYYAVLNVLVGQYYFDSFMELSRLCSQIECERYTTFLSSLSDQVLKNPDLSEETKKCMMNVWERIIKLKTQDRGEQSISSIFVDYSVTYTIANLIVDPSRQGVSKEEILGKILKHVKEMSGEEMIKVKDSVLSKIQLFHGGKKLQLGEQVFSKLAQEASKESILREAGDTLPQSSLSTTDTPYNIKSLSHSK
WO39511,cifA,cytoplasmic incompatibility factor cifA,Type IV,Wolbachia,wSan_Quija630.39,Drosophila santomea,Type IV cifA; Wolbachia wSan_Quija630.39 of Drosophila santomea,VCEH01000067,FFT13_01335,TLW87935.1,MESGLDHNYNKILDILKGAIKGDDNQVKARKHLRVERWLRVYIQLIEDFDEGKLKFFSDIFSDNSCWDGIKLKNKAVGERLTEEKNKNGKENPLDLADRYYLACKYCLEDKIPGLFEQVFMRFKRSAFEEDGSDDDLRRELLENIEETSPIEAFWSFLIDKQIGKLNEYKSVEGLQKSIQINSNKNWEEGIEFFYNKLHNDSSISSQDKDDLLIEAALSAVKGYKEVDTIEFCLSKMDDEQKKKLLNRDYKENTYYAVLNVLVGQYYFDSFMELSRLCSQIECERYTTFLSSLSDQVLKNPDLSEETKKCMMNVWERIIKLKTQDRGEQSISSIFVDYSVTYTIANLIVDPSRQGVSKEEILGKILKHVKEMSGEEMIKVKDSVLSKIQLFHGGKKLQLGEQVFSKLAQEASKESILREAGDTLPQSSLSTTDTPYNIKSLGHSK
WO50163,cifA,cytoplasmic incompatibility factor cifA,Type IV,Wolbachia,wTei_cascade_4_2,Drosophila teissieri,Type IV cifA; Wolbachia wTei_cascade_4_2 of Drosophila teissieri,VCEG01000122,FFT12_06305,TLW82385.1,MESGLDHNYNKILDILKGAIKGDDNQVKARKHLRVERWLRVYIQLIEDFDEGKLKFFSDIFSDNSCWDGIKLKNKAVGERLTEEKNKNGKENPLDLADRYYLACKYCLEDKIPGLFEQVFMRFKRSAFEEDGSDDDLRRELLENIEETSPIEAFWSFLIDKQIGKLNEYKSVEGLQKSIQINSNKNWEEGIEFFYNKLHNDSSISSQDKDDLLIEAALSAVKGYKEVDTIEFCLSKMDDEQKKKLLNRDYKENTYYAVLNVLVGQYYFDSFMELSRLCSQIECERYTTFLSSLSDQVLKNPDLSEETKKCMMNVWERIIKLKTQDRGEQSISSIFVDYSVTYTIANLIVDPSRQGVSKEEILGKILKHVKEMSGEEMIKVKDSVLSKIQLFHGGKKLQLGEQVFSKLAQEASKESILREAGDTLPQSSLSTTDTPYNIKSLGHSK
WO95878,cifA,cytoplasmic incompatibility factor cifA,Type IV,Wolbachia,wYak_CY17C,Drosophila yakuba,Type IV cifA; Wolbachia wYak_CY17C of Drosophila yakuba,VCEF01000118,FFT11_06270,TLW85516.1,MESGLDHNYNKILDILKGAIKGDDNQVKARKHLRVERWLRVYIQLIEDFDEGKLKFFSDIFSDNSCWDGIKLKNKAVGERLTEEKNKNGKENPLDLADRYYLACKYCLEDKIPGLFEQVFMRFKRSAFEEDGSDDDLRRELLENIEETSPIEAFWSFLIDKQIGKLNEYKSVEGLQKSIQINSNKNWEEGIEFFYNKLHNDSSISSQDKDDLLIEAALSAVKGYKEVDTIEFCLSKMDDEQKKKLLNRDYKENTYYAVLNVLVGQYYFDSFMELSRLCSQIECERYTTFLSSLSDQVLKNPDLSEETKKCMMNVWERIIKLKTQDRGEQSISSIFVDYSVTYTIANLIVDPSRQGVSKEEILGKILKHVKEMSGEEMIKVKDSVLSKIQLFHGGKKLQLGEQVFSKLAQEASKESILREAGDTLPQSSLSTTDTPYNIKSLGHSK
OC75867,cifA,cytoplasmic incompatibility factor cifA,Type V,Occidentia massiliensis,Os18,Ornithodoros sonrai,Type V cifA; Occidentia massiliensis Os18 of Ornithodoros sonrai,CANJ01000041,"(10,897 -> 9,041)",,MKRVNVEDLRKEQAANKLYKEAKQILHEAWELAVAKADDKYNKEVEAKFQEVKNKLAEAEALVPSNSEYKKWTVVERFLASSVAEDDPYCDVKRFEIKEWFEYHTRFLNKQITRPSGYTAETIYNILSDSECWNGSELDRTAVAKKLIISKGWDGRELDGFELYHIACQFCLEDDINNMFEESKREGYPIEDYISSSVTRPSKLKIFWYYYANVINVENPDPDIVSKFKKLAGDIEDKQVLYRYGIDCAVERGSKEAVEFFWNKLPNKDPEILIEAAINTKSSSYAPSHSYIAAFCVEQLDSYEQPDLFRKLIREDLIKNSDYYGSSSHVMNSLIQDHFYEHIEKVIKHLNPSDFPKKEYEMLTWLTCESIVSGPRAVFDQAVQFLTWLWDLPGFESHQQCFHDTVETTSSILGDLINIGILEPIHKILDPMDTLHAKLFTLTCREGGNVCHSLYIQNEKELLQKLLSSIKTTVKKPTKKFLEKLDQDVLKRLESALCNDKKPALHKGEGDSCANDDIQVSSQAFNLYKQYDRQSLEELLYNALGDTKGGKLLHKIDQVMLNKLNNMISNTQKSYKESLFYNSSDSDRNDDDLQDDSDSSGSPVLAMGEEHSFEPTNS*
RI39554,cifA,cytoplasmic incompatibility factor cifA,Type V,Rickettsia felis,LSU-Lb,Liposcelis bostrychophila,Type V cifA; Rickettsia felis LSU-Lb of Liposcelis bostrychophila,JSEL01000043,JS61_08060,WP_039595309.1,MKRISIEDLKKEQAANKLYKEAKQISHEAWEFAIAKADDKYDKEFDAKFQKFKSKLAEADALIPSNSEYQKWTIVERFLASSVAEDDPHCDVKRFEIKKWFEYHTRFLNKQIKHPSDYMVETIYNILSDSECWNGLELDRTAVAKKLMISKMLDGEKLEGFELYHIACQFCLEDEINNIFEESKKEGYPIEEYIRSATKLPNLKIFWYYHANVINVENPDPEMVSKFKKLAGDIEDKQSLYKYGIDCAVARGSKEAVEFFWNKLPNKGPEILIETAINTKSSSYAPSHSYIAAFCVEQLDSYGQPDLFRKLIRKDLIKNSDYYGSYSHVMGSLRPEHFYKHIEKVMKHLKPSDFPQKEYEKLTWNTCESIISGPRVIFDQAVQFLTWLWDLPGYKNHQQHFHDTIETTSSMLGDLIKIGVLEPVHKILDPMDSFHTKLFTLTCQEGDNVCYNLYTQNEGKLLQKLLSSIKTTVKKPTKKFLEKLDQDVLQKLEGVFDKKLASYKGEGDSCASDDVSVSLQAFNFYKQYDRQSLEKLLCDILGDAKGGKLLHKIDQVMSNKLSNMIANTQKSYKESLFYNSSDSDHHDASQDDSGSLDTEVLVMGEGYNTEFANS
RI64477,cifA,cytoplasmic incompatibility factor cifA,Type V,Rickettsia,Oopac6,Oxypoda opaca,Type V cifA; Rickettsia Oopac6 of Oxypoda opaca,JAJIYK010000093  ,LN573_04705,MCC8369344.1,MRSDQVKEGLVASVNPNDPYKGSKQLQIEHWCHLYGAPLLKTSFSNKLDFIAQVINDDACWEKVDSLEQVKLNRNEVGRRLLVEQTPDGKENPFDNFQKYRVACWCCFEDDIRKLFDEAQSDRAWPASIESILDSTYSRAGGLVSFWSHFITGYTDKFKNKLKLAGDNLDMHGYECAMMGKHVQALEFFWNKLQPVLSAEQKEELLINTAIYYELFSGRANVDMIDFCLHRLDVDKYPELLKRDIEKNGHHFIFTELVGDYYFDRAQKLFTYLKPEDLSNDQYDTLISISLTEISSAPDSSFVKAGYDMLSVMWNMPGFEEHKQKFLHELSYSFVAAGSIAKLITADKYSEILSEIVGSLNLEQVQNLKKHQWIYDIFIKNNLFNSSFNYLVDTKQQEEGTRDVAVLGANSTGIFTLLDEHGAGELS
RI98633,cifA,cytoplasmic incompatibility factor cifA,Type V,Rickettsia,Dallo3,Diachasma alloeum,Type V cifA; Rickettsia Dallo3 of Diachasma alloeum,DYDT01000020  ,LFW10_00740,HJD64691.1,MDYNQIEQGLISSIAEDDPHKVSKQLQIKQWTHLYGGKLLRFSLSRTLNFVKQIISDEDCWYAVDSLEGVKLDRYEVGRKLLAATTPSGEDNPFNNMQKYKVACWCCFEDEIRELWAEAQSNFVREKPIVRQLDSTYAGHGPLVTYWTHYITGYMDKFKAKLQLTGDNNDLHGFESAVRGKHAEALEYFWDKLVPVLSGEEKDDLLIYTATYNDFFVGRANSDMVTFAMDHLDESKYHELLEKDFAKNKHYSSLSELTSNYLFDRAEKLFKCLSSVDIIHDDYSTSIYWVLYNILSVPNDVQCIGCGYQMLSTMWNMDGFEEHKQFFMHRLGYGDPASDKIGHLVKAGRTSDILSEIVSSLNMEQVENLKKSTSWAYEIFKSAHLFNDDVMKNLVATEQESVNILDKQEDMLVLGDSASIDNQELDSA
RI16314,cifA,cytoplasmic incompatibility factor cifA,Type V,Rickettsia,RiCimp,Culicoides impunctatus,Type V cifA; Rickettsia RiCimp of Culicoides impunctatus,CP084574,LF885_07325,UCM86428.1,MRYNEIEKGLLSAISEDDQYKVSKQLQVKQWTHLYGQELLEFSLSRSLNFVKQVIIDDDCWKAVDNLEGVRLNRYKVGSKLLSKTTPGGEDNPFDNMQKYKVACWCCFEDEIRELFTEKRANIDEDFTTEMLLDSIYAGHGPLVTYWTHYITGYMDQFKAKLKLTGDNNDLHGFKSAVRGKHIEALEYFWNRLQSVLSSEEKDELLIYTATYYDIFIGSANSDMVDFAMHYLDKSKYHKLLMEDFEKNKHHSTLYNLISSYLFDRAEKLFKCLKQEDITDDDYSTAIYAALDSIVSVPNDQSFISAGYKMLSTMWYMEGFEAHKKSFTQALSYDLASADKIARLVELGRVSEILSEIVKSLNIEQVQNLQKSESWVYKILKVANLFSDDVMKHLIAIEQESINTLDNQEEMVILGANDSGGKP
ME59031,cifA,cytoplasmic incompatibility factor cifA,Type V,Mesenet longicola,GL2,Brontispa longissima,Type V cifA; Mesenet longicola GL2 of Brontispa longissima,BNGT01000009,sGL2_03290,GHM58179.1,MLRSDIPEVLFSCIEEDDPYRASKIFQIERWCYANWDLHKRGGKKRHNFLAQVLSSKDCWKKVENLHGVKLDRQMVGKKLIVPGSPFSNPSYEIACRCCLEEDIIALFEERKKRLSAQNKSSLLEYGHLVKSLISDLLTGFWSHFVSGYISKLNLDGCHPYEYGLKCAMSLKQGEAVEFFWNKIKSLPEDEVSTQKKDEIFMKTAVYAAGSRCNSYPEIFEFCFSQINSNKYPELLKRDLAENGYYGSLNTLQSALRFDQFQKLFDCLSPNSVSEDDYNIWLDMEIKEHSEPYVDEIVRLFMHMWVKEGFDSHRALVIREELEDKSPLFRTVLLTPLVEKGCMEPVWAILDKANSDQVKEFMDSRQAEYIQSVLEKRDAGSLNKFLSYSKPTAEELDRSASLTEVKLSKAYEQLRLDEAIL
ME30877,cifA,cytoplasmic incompatibility factor cifA,Type V,Mesenet longicola,GL2,Brontispa longissima,Type V cifA; Mesenet longicola GL2 of Brontispa longissima,BNGT01000007,sGL2_02780,GHM58128.1,MDNAEKVLLASVKEDDPHKESKRLEIKKWYSVYWPLMESWGERKALFFQNVFSNKICWEVENASNQVTLNRYTIGKRLLILKAEDGQKNLLNLFDRYRIACWCCFEEEIKAIFEEFKSTLGNKPVESLVKGCNKGALMIYWSHAINNQEHQLKLNNEHPYVYAFRCAMIEKHVEALEFFWNKLQLIDSIPLRRKEDLLMEAAYNKGHFSTDNVGMVDFCLRYLREDKYYELLKRDFRQNKCYYTLSILRRNYSFESAKKLFKHLKPEDLSYEEYATSMFSALNSIVSVPDDNFIEFGSDMLASMWNCPGFETHRQHYLHDLSVRLSSRDSIVRLIRENKAVKVLSEIINSLSQEQMQSIMELNESEYKVFTRVRDKQLDNSVGDSMVNQSLGSLLNVETVQQEVTDVRSKV
ME50022,cifA,cytoplasmic incompatibility factor cifA,Type V,Mesenet longicola,L5,Brontispa longissima,Type V cifA; Mesenet longicola L5 of Brontispa longissima,BNGU01000012,sL5_03960,GHM59403.1,MDNAEKVLLASVKEDDPHKESKRLEIKKWYSVYWPLMESWGERKALFFQNVFSNKICWEVENASNQVTLNRYTIGKRLLILKAEDGQKNLLNLFDRYRIACWCCFEEEIKAIFEEFKSTLGNKPVESLVKGCNKGALMIYWSHAINNQEHQLKLNNEHPYVYAFRCAMIEKHVEALEFFWNKLQLIDSIPLRRKEDLLMEAAYNKGHFSTDNVGMVDFCLRYLREDKYYELLKRDFRQNKCYYTLSILRRNYSFESAKKLFKHLKPEDLSYEEYATSMFSALNSIVSVPDDNFIEFGSDMLASMWNCPGFETHRQHYLHDLSVRLSSRDSIVRLIRENKAVKVLSEIINSLSQEQMQSIMELNESEYKVFTRVRDKQLDNSVGDSMVNQSLGSLLNVETVQQEVTDVRSKV
ME41506,cifA,cytoplasmic incompatibility factor cifA,Type V,Mesenet longicola,L5,Brontispa longissima,Type V cifA; Mesenet longicola L5 of Brontispa longissima,BNGU01000022,sL5_06120,GHM59619.1,MLRSDIPEVLFSCIEEDDPYRASKIFQIERWCYANWDLHKRGGKKRHNFLAQVLSSKDCWKKVENLHGVKLDRQMVGKKLIVPGSPFSNPSYEIACRCCLEEDIIALFEERKKRLSAQNKSSLLEYGHLVKSLISDLLTGFWSHFVSGYISKLNLDGCHPYEYGLKCAMSLKQGEAVEFFWNKIKSLPEDEVSTQKKDEIFMKTAVYAAGSRCNSYPEIFEFCFSQINSNKYPELLKRDLAENGYYGSLNTLQSALRFDQFQKLFDCLSPNSVSEDDYNIWLDMEIKEHSEPYVDEIVRLFMHMWVKEGFDSHRALVIREELEDKSPLFRTVLLTPLVEKGCMEPVWAILDKANSDQVKEFMDSRQAEYIQSVLEKRDAGSLNKFLSYSKPTAEELDRSASLTEVKLSKAYEQLRLDEAIL
WO75505,cifA,cytoplasmic incompatibility factor cifA,Type V,Wolbachia,wCfeJ,Ctenocephalides felis,Type V cifA; Wolbachia wCfeJ of Ctenocephalides felis,CP051157,HF196_RS04490,WP_168456002.1,MDLDDLTKVAFSIIKDDDPYKESKQLQIKNWGRGYLETINTENLPFFLDILSNEECWEKTNTIHGIKLNRRVVAKKMIEPQSWKGTNNPLDDFDRYQIACWCCLEEDIISLFEHFKQEDKIKDGDSDALKKLVKSVSGSWYTDAMMQFWSHFISGYISELDLEGQHPYVFGLHRAAISSRRRRVEAVEFFWDKVRSLPESELSAREKDEVFMRIAVHAAHDSGYPDVFEFCLSQISPDRYPELLKRDLERNTEYASLYRMLEMFNFDRFQKLFDFLKPCNIPEDDYYLWLKLMVKECPEHYLSTAMGIFIHVWTREGFDDHRTFTLNKEMMNNSVFQGRFLVPLVEKGFMKPVWAMLDKANSSQIKEFMSSEEANYIRSILERGDHVSLNKFLAYGKVADKELDQKNIPGPSGDLAEVEISKQSYVGLGDH
WO39021,cifA,cytoplasmic incompatibility factor cifA,Type V,Wolbachia,wCer2_DsimRC50,Drosophila simulans,Type V cifA; Wolbachia wCer2_DsimRC50 of Drosophila simulans,SOZK01000004,E3V96_03725,NGZ20115.1,MDCDELRKAVFSIVKDDDPYKESKQLQLKNWCGAFLEIFDSWGEKKLPFFLDILSNEECWEKTDTIHGIKLNRRVVAKKMIESKSSKGISNPLDDFDRYQVACWCCLEEDIISIFEHFKREDEINEGDSDALKKLVKSVSGSWYTDTMMQFWSHFISGYISELDLKGQHPYVFGLHRAAISSNRRHVEAVEFFWDKVQSLPEGELSAQEKDEVFMRIAVHAAHDNGYPDVFEFCLSQISPNKYPELLKRDLEKNGYYGSLGRMLETSNFDQFQRLFDCLELSDVPVGPYCTWLRYIKIESCSGQYLNAGMKLLMHMLMKDGFDSHLTSALNGEMMNNSIYQGSLLVPLVEKGCMGQVWTILDKANPRQVKEFMSSKQADYIRSVLEQGDNASLSKFLSYGSSVCVDFNQKSIPGPSGDLSEVKLSKMHDKSHIGLGE
WO92045,cifA,cytoplasmic incompatibility factor cifA,Type V,Wolbachia,wCer4,Ceratitis capitata line Ccap10.3,Type V cifA; Wolbachia wCer4 of Ceratitis capitata line Ccap10.3,JADCND010000012,INQ27_01270,MBS9528886.1,MDYKNVQKILLTSIKKDDPYKGFKELEIKRYCIAYQTLLRGWDRTIIPPFLKKILEDEACWQIPIGDTSDQVRLNRYTVGRKLLALKTEDGQKSLLDSFDRYRIACWCCFEDEVRAIFEEFKLTLGSKPVESLVKGCDKGPLMIYWSHAMNNQEHQLELNNDHLYVYAFKCAMLEKHVEALEFFWSKLQSIDCVSPKRKEDLLMEVAYNKGRFSTDDVGMVDFCLRHLDPNRYHELLKRDFKQHGCYYTLSILRRNHSFENARKLFEHLKPEDLSSEAYSTSMFSALNSLVSTSDDNFIKSGSDMLTSMWNRPGFESHKQHYLNKLSEQLSATRDLVASLIKENKAVKILSEIVNSLSQEQMYSIMEEDKSEYELFMRVRNTQLDRGAGDSQLPSSSLDVESVKQEITDVRSRV
WO09585,cifA,cytoplasmic incompatibility factor cifA,Type V,Wolbachia,wCon,Cylisticus convexus,Type V cifA; Wolbachia wCon of Cylisticus convexus,QPIP01000070,Wcon_01485,WP_114517707.1,MLRSDIPKVLFSSIKEDDPYRTSKLFQIERWCYANWDLHKRGGKKRHNFLAQVLSSEDCWKKVDNLHGVKLDRYMVGKKLIMPGSPFSNPSYDIACRCCLEEDIIALFEERKKRLSAQGKSSLLEYGHLVRCCGSDLLVQFWSHFVSGHISKLNLNGRHPYEYGLNCAMSLKQAEAVEFFWNKIKSLPESEMSEQKKDEIFMKTAVYAAGSRCNSYPEIFEFCFSQINPGKYPELLKRDLAENGYYGSLNTLQGALRFDQFQKLFDFLSPNSVSEDDYNIWLDMEIKKHSEPYVNEIVKLFMHMWMKEGFDSHRALVIREELEDKSPLFRTVLLTPLVEKDYMEPVWAILDIANCDQIKKFMDSRQAEYIRSVLEKRDVDSLNKFLAYGKSVTEELDRGDLSTGLTKVKLSKACEQLGLGN
WO56874,cifA,cytoplasmic incompatibility factor cifA,Type V,Wolbachia,wCon,Cylisticus convexus,Type V cifA; Wolbachia wCon of Cylisticus convexus,QPIP01000062,Wcon_01398,WP_114517662.1,MLRSDIPKVLFSSIKEDDPYRTSKLFQIERWCYANWDLHKRSGKKGHNFLAQVLSSEDCWKKVDNLHGVKLDRQVVGKKLIAPDSGNLFNKYAIACRCCLEEDIIILFEERKKRLSAQGKSSLLEYEHLVGCCGSGLLAQFWSHFVSGHISKLNLNGRHPYEYGLDCAMSLKQAEAVEFFWNKIKSLPESEMSEQKKDEIFMKTAVYAAGNRCNSYPEIFEFYFSQISPDRYPELLKRDLAKNGYYGSLNTLQDALRFDQFQKLFDFLSPNSVSEDDYNIWLDMEIKKHSEPYVNEIVKLFMHMWMKEGFDSHRALVIREELEDKSPLFRTVLLTPLVEKDYMEPVWAILDIANCDQIKKFMDSRQAEYIRSVLEKRDVDSLNKFLAYGKSVTEELDRGDLSTGLTKVKLSKACEQLGLDRAIL
WO77063,cifA,cytoplasmic incompatibility factor cifA,Type V,Wolbachia,wDacB,Dactylopius coccus,Type V cifA; Wolbachia wDacB of Dactylopius coccus,LSYY01000023,TV41_04045,OAM06474.1,MGCDELRKAVLSIIKDDDPYKESKQLQLKNWCGAFLEIFDSWGEKKLPFFLDILSNEEFWEKTDTIHGIKLNRRIVAKRMIEPKSSKGISNPLDDFDRYQVACWCCLEEDIISLFEHFKREDEINEVDSDALKKLVKSVSGSWYTDTMMQFWSHFISGYISELDLKGQHPYVFGLHRAAISSDRRRVEAVEFFWDKVQSLPESELSSQEKDEAFMRIAVHAAHDNGYPDVFEFCLSQISPDKYPELLKRDLEKNRYYGSLGRMLEMFNFDQFQRLFDCLEISDVQVGHYCTWLRCIKIESCSGQYLNAGVKLLMHMLMKDRFDSHRTLALNGEMMNNATYRGSLLVPLVEKGCMEQVWAILDKANSKQVKEFMSSKQAGYIRSLLEQGDNASLSKFLSYGSSVGVDLNQKSIPGPNGDLSEVKLSKMHDKSNIGLGE
WO05985,cifA,cytoplasmic incompatibility factor cifA,Type V,Wolbachia,wDacB,Dactylopius coccus,Type V cifA; Wolbachia wDacB of Dactylopius coccus,LSYY01000098,TV41_02155,OAM06111.1,MDYENVQKILLTSIKEDDSHKGFKGLEIKRYCIAYQGLFNRWNSIILPPFLKEILESEICWKIDDTLGHVELDRYALGKKLLTLKTEDGQKSLLDSSDRYKIACWCCFEDDIRAIFEEFKLTLGSKSVESLVKGCDKGALMIYWSHAMNNQEHQLELNNEHPYVYAFRCAMLEKHVEALEFFWDKLQSIDSVSSERKEDLLMEVAYNKGHFSTDDVGMVDFCLRYLHEGKYPELLKRDLKQNGYYYTLSTLNRNYSFGSAKKLFDSLKAERLSPDQYCTLMFATLNSVSSVPDDSFIKSGSDMLTSMWNSSGFDTHRQHYLHKLSEQLSSTRDLVTSLIKGNKAIRILSKIVNSLSQEQMCSIMEEDKSEYEVFVRVRNKQLVGGGGDQLPSSALGVESVKQEVTDVRSKV
WO46175,cifA,cytoplasmic incompatibility factor cifA,Type V,Wolbachia,wDi,Diaphorina citri,Type V cifA; Wolbachia wDi of Diaphorina citri,CP051608,FK497_05440,QLK11671.1,MDLDDLTKIAFSIIKDDDPYKESKQLQMRNWGRGYLETINTGNISFFLDILSDKECWEKTDTIHGIKLNRRLVAKKVIEPQSWKGTSNPLKDFYLYQIACWCCLEEDIISLFEHFKQEDKIKEGDSDALKKLVKSVSGSWCTDAMMQFWSHFISGYISELDLKGQHPYVFGLHRAAISSRRRRVEAVEFFWDKVNSLPESELSTQEKDEVFMRIAVHAAHDNGYPDVFEFCLSQISPNKYPELLKRDLEKNGYYGSISRMMNVLNFGKVQELFDCLKLSEISEDCYHTLLYSIKIQNYSGHYVDAAKELFLHIWTKEEFDTHSTFVINKEVMDSSFSHTNLLVRWVKKGIMEPVWVILDKLDSNQIKEFMTYKQADYIRSVLEQGDNQSLNKFLGYGKSTDEELDQKNIPGPSGDLAEVEISKQSYVGLGDH
WO16905,cifA,cytoplasmic incompatibility factor cifA,Type V,Wolbachia,wEcas,Erebia cassioides,Type V cifA; Wolbachia wEcas of Erebia cassioides,JAEVYO010000001,"631,695 -> 630,460",WP_214303289,MDYEDVQKILLTSIKEDDPHKGFKGLEIKRYCIAYQGLFSRWNSIILPPFLKKILESKICWKVDDTLGYVKLDRYALGKKLLGLKTEDGQKSLLDSFDRYRIACWCCFEDEIRAIFEEFKLTLGNKPVESLVKGCNKGALMIYWSHAMNNQECQLELNNEHPYVYAFKCAMLEKHVEALEFFWNKLQSIDSISPKRKEDLLMEVAYNKGRFSTDDVGMVDFCLRHLDPNRYHELLKRDFKQNKYHHTLSTLTGSYSFESAKKLFEHLKSEDLSPEGYSTSMFGALDSLVSVPDDSFIKSGSDMLTSMWNRPGFEAHRQHFLHELSGQYSPSRYRVGCLIERNMAIEILSEIINSLSQEQIQYIMDKDKSRYEVFAKVRNKQLVGGGGDQLPSSSLDVETIQQKVSGVRGEV
WO27923,cifA,cytoplasmic incompatibility factor cifA,Type V,Wolbachia,wEcas,Erebia cassioides,Type V cifA; Wolbachia wEcas of Erebia cassioides,JAEVYO010000001,"720,843 -> 722,093",WP_214303320,MLRSDIPKVLFSSIKEDDPYRASKLFQIERWCYANWDLHKRGGKKRHNFLSQVLSNEDCWKKVDNLHKVKLDRQVIGKKLIMPGSPFSNPSYEIACRCCLEEDIIALFEERKKRLSAQGKSSLLEYGHLVKSLTSDLLTGFWSHFVSGYISKLNLDGRHPYEYGLKCAIDLKQAEAVEFFWNKIKSLPEDEMGSQKKDEIFMKTAVYAAGSRCNSYPEIFEFCFSQITPDKYPELLKRDLAENGYYGSLNTLQGALRFDQFQRLFDCLKPSDVSGDYYCVWLKYIRKIESYSKSCVDEGIRLFMHMWTKEGFDSHRALLLNEEMRSSPVFQGRLLVPLINRGCVEPVWAVLSKANSDQIKEFMDSRQAEHIRSVLEKRDVDSLNKFLSYGKSTVEECTSLTEVKLSKACEQLELGN
WO45598,cifA,cytoplasmic incompatibility factor cifA,Type V,Wolbachia,wIrr,Haematobia irritans,Type V cifA; Wolbachia wIrr of Haematobia irritans,CP037426,E0495_03300,QGT16279.1,MDLDDLTKAAFSIIKDDDPYKEYKQLQIKNWGRGYLEIINTGNLPFFLDILSDEECWEKTDMIYGVKLNRRAVAKKMIEPKSWNGISNPLDDFDCYQVACWCCLEEDVISLFKHFKQEDKIKDGDSDSLKKLVKSVSGSWCTDAMMELWSHLVGECISDLDLKGQHPYVFGLHRAAIDSNRRRVEAVEFFWNKIKSLPESELSAREKDEVFMKIAVHTARDSGYPDVFEFCLSQINPGKYPELLKRDLEKNGYYGSLNIMNDMLSFDKFQELFDCLKPSDVKEDDYRLWVNFMTRDCPECYLDKGVNVFMHMWTKRGFDDHCVLILEKEMMNDSFFQGRFLVPLIEKDYMEPVWEILDKANPNQIKEFMDSKKDHIRSILLAKGDSNSLNRFLAYGKSVDKGLDQQIRPDPSGELTEVEVRKTHGQSR
WO52951,cifA,cytoplasmic incompatibility factor cifA,Type V,Wolbachia,wStri,Laodelphax striatella,Type V cifA; Wolbachia wStri of Laodelphax striatella,LRUH01000086,WSTR_05295,OAB79341.1,MDRGDIPEVLFSSVKEDDPYRASKLLQIERWCYTHSKIIGRSGKKGYNLIAQVLSDKESWEEVGGLHGVKLNRREVGKRLTTLPDSDNAFGRASRYKIACECCLEDEIRAIFEERKEELSAQGNDSLLEYHHLVRCCGEGPIAQFWSHFISGYLDKLDLRGRHPYEYGLDCAVDWKKVEAVEFFWNKIKSLPENEMSAEKKDEILMKNAIYSARSNFRVYPDIFEFFLNQINPDRYPELLKRDLERNTEYASLYRMLEMFNFDLFQKLFDFLKPCNIPEDDYYLWLKLMVKECPEHYLSTAMEIFIHIWTREGFDDHRTLTLNKEMMNNSVFQGRFSVHLVEKGFMKPVWAILDKANSDQIKEFMSSEKANYIRSILEQRDNQSLNKFLAYGKFADEELAQKNISGPSGDLAEVELGKVHDQSYVGLGDH
WO34924,cifA,cytoplasmic incompatibility factor cifA,Type V,Wolbachia,wStri,Laodelphax striatella,Type V cifA; Wolbachia wStri of Laodelphax striatella,LRUH01000084 ,WSTR_05255,OAB79364.1,MDYEDVQKILLASIKEDDPHKGFKGLEIKRYCIAYQALFNRWNSIILPPFLKEILESGTCWKIDDALGHVELDRYALGKKLLTLKTKDGQKPLLDSSDRYRIACWCCFEDEIRAIFEEFKSTLGNKPVESLVKGCDKGALMIYWSHAINNQEHQLELNNEHPYVYAFRCAMIEKHVEALEFFWNKLQSIDSLSSERKEDLLMEVAYNKGRFSTDDVGMVDFCLRHLDPNRYHELLKRDFKQHGCYYTLSILRRNHSFENARKLFEHLKPEDLSPEAYSTSMFSALNSLVSAPNDNFIKSGSDMLTSMWNSLGFESHKQHYLNKLSEQLSSTRDLVASLIKGNKAVEILSEVVNSLSQEQMYSIMEEDKSEYELFMRVRNTQLDRGAGDSQLPSSSLDVETIQQKVVDARSKV
WO24397,cifA,cytoplasmic incompatibility factor cifA,Type V,Wolbachia,wStriCN,Laodelphax striatellus,Type V cifA; Wolbachia wStriCN of Laodelphax striatellus,MUIX01000001,BVG17_RS07515,WP_143688900.1,MEQESLIKLDDSYYCKEILERVIKHDDPFKHSKAKQLRRHINSNSRIIYYVKYDIASSILSQDDCWVDDTIYGKRLDWRIFIKKLIGVCSESNYDNSLGVSDCYTLACLNGLDENLICDLFKLCKEQAKRVHNLSEDEVLEESSRWLEKFWGHFITGKLEQIKEEYTECYDPNFDIYGFKVAYQDCEREAVAFFYEKLEKQNIPEEVKLNLLIEAALYSMSGTNDVDTTIFCLQKVMGNEQYLEIFLKKCDVLYTLMREGYFDSVCQLFPIQGQFYSVRNYSTLLSVISCKFNKFHTKLLYSVLELGKEKFWEKLPSFDCNNFSHLLRAFAENSCSEAFKELWQAYSSEERQHVFLSGTGEIICGLLYIGDNQELLKEFLFYYASSNEMVLEDIDNFIDNLDSAFNRYVPTADANLDALNRDRIVFGKIKKTLPGLIEVLDQNTQDIETSSVSVDINSTSAVQGNEECMLNTMLSECFIFKQLQKDINTINLN
WO58699,cifA,cytoplasmic incompatibility factor cifA,Type V,Wolbachia,wStriCN,Laodelphax striatellus,Type V cifA; Wolbachia wStriCN of Laodelphax striatellus,MUIX01000001,BVG17_RS00735,WP_143688759.1,MDREDIAEVLFSSIKEDDHYRASKLLQIERWCYAHWKIHAGYGEIRNNFLAQVLSSEDCWEKVNNLHGVKLNGQMVGKKLITPSSDNNPNPFGTDRYKIACECCLEEDIVKIFEDYRKERNVENDDSLKRLVSNLSYGNPLKTFWSHHIGGYMSELDLKGRHPYEYGLDCAIDWKRAEAVEFFWNKIKSLPEGELSAQKKDEILMKNAIYAAGPNFRVYPNIFEFFLNQISPDRYPELLKRDLVKNGHYGSLNRMIDMLNFDKFQKLFDYLQPGNISENSYHTRLYSIRIQDYSGYYVDAAKKLFMHIWIKEGFDSHRALVINEEVMDSSFSHTNLLVCWVKKGTMEPVWAVLDKLDSNQIKEFMSCKQADYIRSILEQGDHDSLNKFLAYGKFADKELDQKNIPGPSGDLAEVEISKQSYVRLSDH
WO28598,cifA,cytoplasmic incompatibility factor cifA,Type V,Wolbachia,wStriCN,Laodelphax striatellus,Type V cifA; Wolbachia wStriCN of Laodelphax striatellus,MUIX01000001,BVG17_RS06595,WP_063631187.1,MDYEDVQKILLASIKEDDPHKGFKGLEIKRYCIAYQALFNRWNSIILPPFLKEILESGTCWKIDDALGHVELDRYALGKKLLTLKTKDGQKPLLDSSDRYRIACWCCFEDEIRAIFEEFKSTLGNKPVESLVKGCDKGALMIYWSHAINNQEHQLELNNEHPYVYAFRCAMIEKHVEALEFFWNKLQSIDSLSSERKEDLLMEVAYNKGRFSTDDVGMVDFCLRHLDPNRYHELLKRDFKQHGCYYTLSILRRNHSFENARKLFEHLKPEDLSPEAYSTSMFSALNSLVSAPNDNFIKSGSDMLTSMWNSLGFESHKQHYLNKLSEQLSSTRDLVASLIKGNKAVEILSEVVNSLSQEQMYSIMEEDKSEYELFMRVRNTQLDRGAGDSQLPSSSLDVETIQQKVVDARSKV
WO23964,cifA,cytoplasmic incompatibility factor cifA,Type V,Wolbachia,WXf-1543,Armadillidium vulgare,Type V cifA; Wolbachia WXf-1543 of Armadillidium vulgare,LYUU01002088,Wxf_02416,OJH32953.1,MLRSDIPKVLFSSIKEDDPYRASKLFQIERWCYANWDLHKRGGKKRHNFLAQVLSSEDCWKKVDNLHGVKLDRYMVGKKLIMPGSPFSNPSYDIACRYCLEEDITALFEERKNKLSAQGKSSLLEYGHLVKTLGGNLLIVFWSHFVSGHISKLNLNGRHPYEYGLECAMSFKQEQAVEFFWNKIKSLPESEISEQKKDEIFMKTAVYAAGNRCNSYSEIFEFCFSQISPDRYPELLKRDLAKNGYYGSLNTLQDALRFDQFQKLFDYLKPSDVSENCYYIWLKYMKELENYSKSCIDEGVKLFMYMWIREGFDSHRALLLNKEMKSNSVFQGRLLVPLIDRGCMVPVWAILDKANHSQIKEFMDSRQAEYIRSVLEKRDTDSLNKFLAYGKSTGGEFTSLTEVKLSKACEQLGLDKAIL
WO86331,cifA,cytoplasmic incompatibility factor cifA,Type V,Wolbachia,WXf-1543,Armadillidium vulgare,Type V cifA; Wolbachia WXf-1543 of Armadillidium vulgare,LYUU01002088,Wxf_01678,OJH32250.1,MLRSDIPKVLFSSIKEDDPYRASKLFQIERWCYANWDLHKRGGKKRHNFLAQVLSSEDCWKKVDNLHGVKLDRYMVGKKLIMPGSPFSNPSYDIACRYCLEEDITALFEERKNKLSAQGKSSLLEYGHLVKTLGGNLLIVFWSHFVSGHISKLNLNGRHPYEYGLECAMSFKQEQAVEFFWNKIKSLPESEISEQKKDEIFMKTAVYAAGNRCNSYSEIFEFCFSQISPDRYPELLKRDLAKNGYYGSLNTLQDALRFDQFQKLFDYLKPSDVSENCYYIWLKYMKELENYSKSCIDEGVKLFMYMWIREGFDSHRALLLNKEMKSNSVFQGRLLVPLIDRGCMVPVWAILDKANHSQIKEFMDSRQAEYIRSVLEKRDTDSLNKFLAYGKSTGGEFTSLTEVKLSKACEQLGLDKAIL
WO98098,cifA,cytoplasmic incompatibility factor cifA,Type V,Wolbachia,WXf-1543,Armadillidium vulgare,Type V cifA; Wolbachia WXf-1543 of Armadillidium vulgare,LYUU01002088,Wxf_00919,OJH31528.1,MLRSDIPKVLFSSIKEDDPYRASKLFQIERWCYANWDLHKRGGKKRHNFLAQVLSSEDCWKKVDNLHGVKLDRYMVGKKLIMPGSPFSNPSYDIACRYCLEEDITALFEERKNKLSAQGKSSLLEYGHLVKTLGGNLLIVFWSHFVSGHISKLNLNGRHPYEYGLECAMSFKQEQAVEFFWNKIKSLPESEISEQKKDEIFMKTAVYAAGNRCNSYSEIFEFCFSQISPDRYPELLKRDLAKNGYYGSLNTLQDALRFDQFQKLFDYLKPSDVSENCYYIWLKYMKELENYSKSCIDEGVKLFMYMWIREGFDSHRALLLNKEMKSNSVFQGRLLVPLIDRGCMVPVWAILDKANHSQIKEFMDSRQAEYIRSVLEKRDTDSLNKFLAYGKSTGGEFTSLTEVKLSKACEQLGLDKAIL
